gemma_dss2(m1c1)_pos,gemma_dss2(m1c1)_neg
input->logits,input->logits
input->m25,input->m25
input->m2,input->m2
m0->logits,m0->logits
input->m6,m1->logits
m0->m25,m0->m25
m1->logits,input->a25.h3<v>
input->a25.h3<v>,input->m24
input->m5,input->m6
input->a4.h2<v>,m1->m25
input->m24,input->m5
input->m4,a0.h2->logits
m1->m25,m23->logits
a0.h2->logits,m5->m6
input->m0,a0.h2->m25
m0->m2,m0->m2
input->a5.h6<q>,input->a4.h2<v>
input->a4.h0<q>,input->a3.h2<q>
a0.h2->m25,m6->m7
input->a3.h3<q>,m16->logits
input->a4.h3<q>,input->m16
input->a3.h2<q>,input->m10
input->a2.h6<q>,m23->m25
input->a0.h4<q>,input->m15
m5->m6,input->a5.h6<q>
input->m15,m6->m9
input->m10,input->a4.h0<q>
input->a1.h2<q>,m2->logits
input->a7.h7<q>,m24->logits
m23->logits,input->a1.h2<q>
m6->m7,input->m17
input->a1.h5<q>,input->m23
input->a3.h3<v>,input->a4.h3<q>
input->m8,m1->m4
input->m3,m25->logits
input->a6.h0<v>,input->a3.h3<q>
m0->a4.h2<v>,m15->m18
input->a7.h2<q>,input->a0.h4<q>
input->a3.h7<q>,m24->m25
m2->logits,input->a2.h6<q>
input->a2.h3<v>,input->m8
input->a8.h4<q>,m7->m12
input->a2.h0<q>,m6->a7.h2<v>
m1->m4,input->m1
m24->m25,m1->m2
m21->logits,input->a6.h0<v>
input->m17,m2->m3
input->m16,input->m0
input->a0.h6<q>,m10->m14
m0->m6,input->a0.h0<v>
input->m13,input->a0.h6<q>
input->a7.h0<q>,input->a3.h3<v>
input->a3.h1<v>,input->m13
input->a0.h0<v>,m12->m14
input->a6.h2<v>,m23->m24
m23->m25,input->a2.h3<v>
m6->a7.h2<v>,m11->m15
m2->m3,a8.h5->logits
input->a3.h4<q>,m12->m17
input->a3.h1<q>,m13->m19
input->m11,m15->logits
input->a1.h0<q>,input->a7.h7<q>
input->a6.h3<v>,input->a6.h2<v>
m12->m14,input->a1.h3<q>
input->m1,input->m4
a8.h5->logits,input->a8.h4<q>
input->a1.h3<q>,m3->m4
m0->m4,input->a6.h3<v>
m6->m9,m13->logits
input->a19.h2<v>,input->a7.h0<q>
input->a5.h1<q>,m0->a25.h3<v>
m0->a25.h3<v>,input->a3.h1<q>
input->a9.h3<q>,m1->m6
input->a2.h4<q>,m1->a2.h2<v>
input->a0.h3<q>,m10->logits
input->a3.h5<q>,input->a9.h3<q>
m0->m5,input->a19.h2<v>
m15->logits,m2->m15
input->a4.h1<q>,m15->m25
input->m23,m21->logits
m11->m15,input->a8.h5<q>
m1->a2.h2<v>,m9->m16
input->a8.h5<q>,m11->m17
input->a1.h1<k>,m18->logits
input->a7.h2<v>,input->m3
m0->m14,m0->m1
m5->m12,input->a7.h2<v>
m2->m15,input->a0.h3<q>
input->a0.h2<q>,m8->m16
input->a25.h7<q>,m5->m12
m7->m9,m5->a7.h2<v>
input->a6.h2<q>,input->a7.h2<q>
m0->a2.h3<v>,m13->m14
m5->a7.h2<v>,m0->a2.h3<v>
m0->a2.h2<v>,m0->a4.h2<v>
input->a15.h2<q>,m10->m11
m11->m17,input->a3.h7<q>
m1->a25.h3<v>,input->a1.h5<q>
m2->a3.h1<v>,m1->a25.h3<v>
input->m12,m0->a2.h2<v>
m16->logits,input->a0.h2<q>
m1->m6,m0->m14
input->a2.h1<v>,m16->m19
m3->m4,input->a5.h3<q>
m13->m14,input->a25.h7<q>
input->a0.h0<k>,input->a2.h4<q>
input->m7,input->a2.h7<q>
input->m18,m12->a15.h3<v>
input->a2.h7<q>,input->a2.h2<q>
input->a8.h6<q>,input->a3.h4<q>
m4->m8,m1->m10
m6->m16,m3->m7
m9->m15,input->a0.h0<k>
m1->m2,m2->m6
m2->m25,m15->m19
m15->m25,m4->m8
m1->m9,input->m18
m19->logits,input->m11
a6.h0->m6,m24->a25.h3<v>
m23->m24,input->a15.h2<q>
m2->m5,m2->a3.h1<v>
input->a11.h1<q>,m0->m5
input->m22,m17->m19
m8->m14,input->a2.h0<q>
m0->m3,m12->m15
m0->m1,m9->m17
m20->m25,m1->m8
m8->m16,m15->m17
m1->a5.h2<v>,input->a3.h5<q>
m7->m18,m6->m16
m0->a3.h3<v>,m2->m25
input->a6.h1<q>,m0->m6
m12->m17,m4->m5
m18->m20,m9->m15
m5->m8,input->a1.h1<k>
m2->a7.h2<v>,m5->a7.h1<v>
input->a7.h4<q>,input->a5.h2<v>
m10->m14,input->a6.h2<q>
input->a2.h1<q>,m9->m19
input->a25.h3<k>,m5->m8
m22->logits,m18->m20
input->a10.h0<v>,input->a8.h6<q>
input->a2.h2<q>,input->a11.h1<q>
m15->m18,m19->m21
m1->m10,a6.h0->m6
m12->a15.h3<v>,input->a2.h1<v>
m5->m7,m4->m6
m0->a3.h2<q>,input->a3.h1<v>
m17->m21,input->a10.h0<v>
input->a18.h1<q>,m4->logits
m13->m19,m11->m13
input->a8.h2<k>,m1->m9
m6->m17,m19->m24
m2->a4.h2<v>,input->a3.h1<k>
input->a3.h0<q>,m8->m12
m1->a4.h2<v>,m0->m16
m19->m20,m4->m12
m0->m8,input->a18.h1<q>
m0->m24,input->m7
m24->logits,m3->m9
input->a13.h4<q>,m0->m24
m0->a4.h0<q>,input->a4.h0<v>
m3->m6,m15->m22
a2.h0->m2,m2->a3.h0<v>
m13->m17,a8.h5->m25
m15->m19,m10->m15
m5->a7.h1<v>,m0->a3.h3<v>
m0->a1.h2<q>,m16->m22
m4->logits,m14->m20
a8.h5->m25,input->m22
input->a4.h0<v>,m2->m5
m9->m19,m20->m24
m9->m16,input->a25.h3<k>
m22->m25,m3->m6
a2.h5->m4,m4->m10
m8->m9,m0->m9
m19->m21,input->a5.h1<q>
input->a24.h2<q>,input->a2.h1<q>
m12->m16,m9->logits
m17->logits,input->a0.h1<k>
m2->m17,input->a1.h6<q>
input->a7.h1<q>,m2->m8
m1->a2.h3<v>,m1->m17
m0->a7.h7<q>,a0.h2->m24
m0->a2.h6<q>,input->a15.h3<v>
input->a5.h0<k>,m0->a1.h2<q>
input->a5.h2<v>,m11->a18.h1<q>
m3->m5,m5->m13
m4->m13,input->a8.h2<k>
m2->a7.h1<v>,m10->m20
input->a1.h6<q>,input->a13.h4<q>
input->a0.h1<q>,m20->m25
m15->m16,m2->m17
m7->logits,m10->m17
m0->a4.h3<q>,m14->m22
m9->m17,m4->m18
m1->m3,input->a0.h5<q>
m0->m16,m8->m18
m5->m9,m8->m14
m8->m15,m19->m20
m12->m15,input->a0.h1<v>
m9->logits,m0->a3.h2<q>
input->a0.h5<q>,m6->m11
a2.h5->m2,input->a5.h3<k>
m4->m16,m6->m17
input->a1.h0<k>,m14->m25
a0.h2->m24,input->a5.h7<q>
m3->m7,m0->m12
input->a15.h3<v>,m13->m16
m13->m15,m1->a5.h2<v>
m14->m17,m7->m18
a2.h5->logits,m2->a4.h2<v>
m2->m9,m0->m17
m0->a5.h2<v>,m1->m3
m9->m10,a2.h5->logits
m16->m21,m14->a19.h2<v>
input->a3.h0<k>,m11->m12
m0->a5.h6<q>,input->a4.h1<q>
m4->m10,m13->m21
m5->m16,m4->m16
m1->a2.h1<v>,input->a24.h2<q>
input->a0.h7<q>,m3->m19
a0.h2->a25.h3<v>,m12->m16
m20->m24,m17->a19.h3<v>
m4->m18,m19->logits
m7->m12,input->a1.h4<q>
m11->a18.h1<q>,m14->m21
m0->a7.h2<v>,m16->m18
input->a0.h1<v>,input->a1.h1<q>
input->a5.h3<k>,input->a1.h0<q>
m0->m12,a0.h2->a25.h3<v>
input->a4.h4<q>,m12->m20
m15->m17,m4->m25
a0.h3->logits,m0->m23
m10->logits,m20->m21
m0->a3.h7<q>,m10->m19
m5->m13,m12->logits
m2->m4,m3->m8
m8->m12,m8->m9
m8->m20,m4->a7.h1<v>
m14->m22,m13->m25
m25->logits,input->a1.h7<q>
input->a4.h2<q>,input->a25.h0<q>
m9->m14,m20->m23
m10->m13,m2->a7.h2<v>
input->a9.h1<v>,input->a7.h5<q>
a2.h5->m5,input->a0.h7<q>
a4.h5->m4,m1->a2.h1<v>
input->a11.h2<v>,m2->m13
input->a6.h7<q>,m14->m16
m5->a6.h0<v>,input->a8.h2<q>
input->a3.h1<k>,a0.h3->logits
m9->m18,m13->a18.h1<q>
input->a1.h1<q>,input->a5.h0<k>
input->a1.h0<v>,m13->m17
m3->m19,m7->m10
input->a5.h7<q>,input->a21.h6<q>
a8.h5->m16,m2->m18
m11->a15.h3<v>,input->a7.h4<q>
m6->m14,a4.h5->m4
m10->m12,m2->a6.h3<v>
input->a9.h6<q>,m17->m21
m1->m8,input->a13.h5<q>
m6->a7.h7<q>,m1->m24
m14->m21,m0->a4.h0<q>
m4->a5.h6<q>,input->a6.h1<q>
m0->a7.h2<q>,m0->a6.h0<v>
m4->m12,input->a4.h2<q>
input->a13.h5<q>,a7.h4->logits
m19->m24,m2->m16
input->a7.h3<q>,a2.h5->m5
m2->a6.h3<v>,a8.h5->m16
m0->m7,m1->a15.h3<v>
m16->m22,m5->a6.h0<v>
a0.h2->m6,m0->a2.h6<q>
input->a19.h7<q>,a2.h5->m4
a7.h4->logits,m18->m21
m12->m20,m0->a19.h2<v>
input->a3.h3<k>,m6->m12
m24->a25.h3<v>,m6->a18.h1<q>
m0->m17,m2->a3.h2<q>
input->a21.h6<q>,a6.h0->logits
m21->m22,input->a6.h7<q>
m1->m19,m5->m16
a2.h6->m2,m2->a7.h1<v>
m0->a7.h0<q>,m9->m18
input->a7.h5<q>,m14->m15
m16->m18,m4->a5.h6<q>
input->a4.h2<k>,m1->m18
m0->a19.h2<v>,m16->m25
m10->m17,m13->m24
m10->m15,a2.h5->m25
m2->a3.h2<q>,m7->a8.h1<v>
m2->m18,m17->m23
m8->m18,a9.h3->m17
m0->a6.h0<v>,m0->a4.h3<q>
m10->m20,input->a25.h3<q>
m14->m20,m2->m14
m6->m25,m9->m13
input->a24.h1<k>,m9->a11.h0<v>
m14->logits,m3->a7.h2<v>
m19->m25,m16->a21.h3<k>
m0->a21.h6<q>,m8->m20
input->a7.h1<k>,input->a10.h2<q>
m6->a18.h1<q>,m16->m21
m18->a19.h3<v>,m0->a21.h6<q>
a2.h5->m25,input->a1.h0<k>
input->a19.h3<v>,m8->logits
m1->a5.h6<q>,input->a9.h6<q>
a0.h3->m25,m3->m5
m13->a18.h1<q>,m17->m20
input->a1.h7<q>,m5->a21.h3<k>
m0->a2.h1<v>,m3->a18.h1<q>
input->a8.h1<q>,m11->a15.h3<v>
a0.h2->a4.h2<v>,m15->a19.h3<v>
input->a2.h5<q>,a0.h3->m25
m0->a25.h6<q>,m12->a13.h0<v>
input->a5.h2<q>,m1->a4.h2<v>
m1->a3.h3<v>,m10->m16
m19->m22,input->a19.h3<v>
m14->m19,m10->a12.h3<v>
m4->a7.h1<v>,input->a15.h3<k>
m1->a7.h7<q>,input->a0.h3<k>
m3->a5.h2<v>,m11->m18
m18->a19.h2<v>,m5->m11
m21->m24,m12->m13
m1->a7.h2<q>,m19->a25.h3<v>
m14->a19.h2<v>,input->a4.h6<q>
a6.h6->m7,m3->m15
input->a5.h0<v>,a2.h0->m2
input->a21.h3<k>,input->a21.h3<k>
input->a4.h7<q>,m0->m4
input->a5.h0<q>,a6.h6->m6
m0->a5.h1<q>,m19->m22
input->a14.h3<q>,input->a5.h3<v>
input->m9,m21->m25
m2->m14,m9->m14
m0->m23,input->a8.h1<q>
m0->m18,m0->a7.h7<q>
m1->a15.h3<v>,input->a5.h0<q>
m4->m25,m0->m7
m8->logits,m16->m17
m3->m18,input->a7.h1<k>
a4.h5->a5.h2<v>,m10->m24
m13->logits,m17->logits
m4->m11,input->a24.h1<k>
input->a13.h2<q>,input->a9.h1<v>
input->a1.h2<v>,a0.h2->m6
m4->m6,m18->a19.h3<k>
a6.h6->m6,m6->a19.h2<v>
m0->a1.h3<q>,input->a6.h6<q>
m7->a8.h1<v>,m15->a19.h3<k>
input->a5.h3<q>,m8->m21
m24->a25.h6<q>,m15->m24
a7.h4->m14,a8.h5->m18
m0->a13.h4<q>,m6->m20
input->a2.h2<k>,m10->m12
input->m21,m3->a7.h1<v>
a15.h6->m15,m12->m25
a1.h1->m3,m1->a3.h3<v>
m6->m10,m5->m19
m1->m17,m0->a5.h6<q>
m16->m20,input->a19.h7<q>
input->a24.h3<q>,m1->m7
m19->a25.h3<v>,a1.h1->m2
m11->m22,input->a4.h2<k>
a0.h2->m10,input->m9
m1->m7,m0->m18
m1->a8.h4<q>,m1->m12
m9->m20,m2->a12.h3<v>
m0->a1.h0<q>,m0->a25.h6<q>
m1->m24,m21->m22
m17->a18.h1<q>,input->a9.h4<q>
m0->m11,input->a6.h5<q>
m5->a21.h3<k>,a1.h1->m3
m3->a7.h2<v>,m10->m13
a1.h1->m2,input->a9.h1<q>
m1->a9.h3<q>,m0->a2.h1<v>
input->a4.h6<q>,input->a4.h3<v>
m6->m20,m8->a13.h0<v>
m1->a2.h6<q>,input->a7.h1<q>
input->a1.h4<q>,m14->m19
m14->m23,input->m12
m0->a8.h5<q>,a0.h2->m1
input->a0.h3<k>,a0.h2->m4
m4->a8.h1<k>,m0->a8.h5<q>
m6->m24,m1->m23
m1->m18,input->a12.h3<q>
a0.h2->m3,m0->a6.h3<v>
a6.h0->logits,m2->a6.h0<v>
m7->m13,input->a2.h5<q>
a0.h5->m5,m12->m18
input->a13.h0<v>,m2->m9
input->a5.h4<q>,m1->a2.h6<q>
m2->m16,input->a15.h6<q>
m12->m18,m11->m25
m10->m11,input->a9.h5<q>
m12->m19,m5->a19.h3<v>
a8.h5->m13,m18->a25.h3<v>
m3->a18.h1<q>,m0->a5.h2<v>
m0->a6.h2<q>,input->a4.h7<q>
m8->m21,a7.h4->m14
input->a0.h2<k>,m0->a7.h2<v>
input->a25.h0<q>,input->a5.h1<v>
m13->m24,m15->a18.h1<q>
m6->a19.h2<v>,m1->a5.h0<v>
m13->m18,m5->m9
m2->m13,a0.h2->m10
m5->m11,m0->a7.h0<q>
m14->m16,a15.h6->m15
m0->a19.h6<q>,m0->a13.h4<q>
m16->a19.h6<q>,input->a20.h3<k>
m15->a19.h3<k>,m20->logits
m4->a15.h3<v>,m5->a8.h1<v>
m6->m15,m19->m25
input->a10.h2<q>,m4->a6.h0<v>
m3->m8,m0->a3.h7<q>
a8.h5->m18,input->a3.h0<v>
m1->m23,m24->a25.h6<q>
m3->a4.h6<q>,a8.h5->m13
m1->a3.h7<q>,a4.h5->m17
m0->a3.h3<q>,input->a7.h1<v>
m0->a3.h4<q>,m8->m11
m0->a4.h6<q>,input->a0.h2<k>
m10->m16,m5->a15.h3<v>
m4->m7,m4->a5.h3<k>
m3->m15,m4->m22
m0->a3.h1<q>,m5->m18
input->a8.h2<q>,m4->a8.h1<k>
input->a5.h1<k>,input->a3.h3<k>
m2->m8,input->a15.h4<q>
input->a3.h0<v>,input->a9.h3<v>
m23->a25.h7<q>,m3->a5.h3<v>
m4->a5.h0<v>,m14->m23
m9->m11,m16->m20
a12.h6->m17,m0->m20
m4->m14,m0->a7.h2<q>
m0->a6.h3<v>,input->a15.h5<q>
a4.h5->m10,a1.h1->m7
m10->a15.h3<v>,m10->m22
input->a15.h5<q>,m18->m24
m17->m19,m4->m11
m2->a5.h0<v>,a6.h6->m7
input->a25.h4<q>,m21->m23
a9.h3->m17,m10->m25
m18->m19,m4->a15.h3<v>
m19->m23,m10->m21
a4.h5->m17,m9->a13.h4<q>
a8.h5->m9,m3->a6.h3<v>
m17->a21.h3<k>,m1->m19
input->a9.h4<q>,a2.h6->m2
input->a14.h2<q>,m23->a25.h7<q>
a0.h0->m2,m1->m11
m4->a6.h3<v>,m12->a18.h1<q>
a5.h4->m6,m13->m15
m1->a21.h6<q>,input->a11.h0<k>
m13->m21,m11->a12.h3<v>
m19->a22.h0<v>,input->a24.h3<q>
m12->m25,m7->m15
a6.h7->m7,m15->m23
m0->a7.h1<v>,a4.h5->m10
m14->m18,m7->a19.h3<k>
input->a6.h6<q>,m4->a5.h0<v>
m4->m9,m3->m18
input->a20.h3<k>,input->a7.h3<q>
m4->m22,a0.h5->m5
m0->m20,input->a2.h3<q>
m2->m10,input->m21
m14->m25,m13->a22.h0<v>
a8.h5->m24,a4.h5->a5.h2<v>
m1->m13,input->a4.h4<q>
input->a15.h4<q>,m17->a21.h3<k>
m2->a3.h0<v>,a0.h0->m2
a8.h5->m12,m21->m24
m9->m21,m18->a19.h2<v>
input->a1.h1<v>,m17->a18.h1<q>
input->a15.h3<k>,m15->m16
m23->a25.h3<k>,input->a8.h1<v>
m0->a8.h4<q>,m6->m24
a3.h2->m3,a7.h4->m25
m15->m21,m13->a15.h2<q>
m3->a4.h3<v>,m1->a5.h6<q>
m9->m12,m17->a22.h0<v>
a14.h6->m15,m13->m23
m2->a5.h2<v>,m5->m24
m2->a4.h0<v>,m3->a4.h6<q>
m3->a7.h1<v>,input->m14
a4.h3->m4,m5->m14
m4->a6.h0<v>,a6.h0->m13
a1.h5->m2,a0.h2->a5.h2<v>
m20->a21.h3<k>,m4->a6.h3<v>
m0->a6.h1<q>,a0.h2->a4.h2<v>
m20->m23,m4->a5.h3<v>
m9->a13.h4<q>,m11->a13.h4<q>
m0->a3.h1<v>,m2->a25.h3<v>
m4->m5,a16.h3->m16
m18->m22,m11->a15.h2<q>
input->a25.h3<q>,input->a23.h5<q>
m11->m14,m22->a25.h3<v>
input->a12.h3<q>,m6->logits
m1->a8.h5<q>,input->a0.h1<q>
m11->a12.h3<v>,input->a16.h1<q>
m3->m17,m17->a19.h6<q>
input->a9.h3<v>,a14.h6->m15
m1->a4.h3<q>,a1.h1->m9
a6.h0->m7,m2->a5.h0<v>
m10->m22,m11->m22
m20->logits,m3->m13
m12->m21,m2->a4.h6<q>
m5->a7.h7<q>,m1->a7.h7<q>
a0.h2->m2,m16->m23
m2->a4.h0<k>,m5->a7.h0<v>
input->a4.h3<v>,m0->a3.h1<q>
input->a17.h7<q>,m0->a6.h2<q>
input->a5.h1<v>,m4->a5.h2<v>
input->a0.h0<q>,m22->m23
m10->m19,m3->a4.h0<v>
m22->a25.h3<v>,a7.h3->m8
input->a5.h3<v>,a1.h0->m2
m18->logits,m0->a4.h6<q>
m11->a15.h2<q>,input->a9.h2<v>
m9->a11.h0<v>,m1->a5.h3<v>
input->a9.h0<q>,m10->a15.h3<v>
m5->a15.h3<v>,m18->a25.h6<q>
a7.h4->m25,a8.h5->m12
input->a22.h1<q>,m0->a19.h6<q>
m9->a10.h0<v>,m2->a18.h1<q>
a0.h2->a5.h2<v>,m17->a18.h0<k>
m13->a15.h2<q>,m0->a1.h3<q>
m6->m12,input->a3.h6<q>
a2.h0->m3,m16->a25.h3<v>
m6->a7.h1<v>,m0->a1.h0<q>
m6->m13,m17->m24
input->a12.h3<v>,m6->a7.h1<v>
m4->m15,input->a1.h0<v>
m3->m9,input->a12.h3<v>
m0->a9.h3<q>,m1->a9.h3<q>
m14->a18.h1<q>,m4->m13
a0.h2->m7,m1->m5
m10->a12.h3<v>,m9->m23
m13->m25,a8.h4->m8
a0.h2->m14,m24->a25.h7<q>
m4->a7.h1<k>,m1->a10.h0<v>
input->a8.h1<k>,input->a11.h3<v>
m1->a5.h0<v>,m1->m21
a3.h0->m7,m8->a11.h1<v>
input->a8.h2<v>,input->a5.h4<q>
m5->m24,m6->m18
m2->a7.h1<k>,m0->a9.h3<q>
m3->a6.h3<v>,a1.h1->m8
m1->a4.h0<q>,m0->a2.h2<q>
a4.h5->m8,m21->a25.h3<k>
m4->a5.h3<k>,a0.h2->m17
input->a24.h0<q>,m22->logits
m17->m23,m4->a7.h2<v>
m15->m24,m7->logits
input->a9.h2<v>,input->a5.h5<q>
m5->a8.h4<q>,input->a5.h1<k>
input->a11.h7<q>,input->a21.h2<v>
m0->a1.h5<q>,input->m19
m0->a11.h1<q>,m3->m11
m11->m13,input->a8.h1<k>
m6->m8,m13->a15.h3<v>
input->a9.h0<v>,m16->a18.h1<q>
m5->a19.h3<v>,m1->a2.h3<v>
m18->a22.h0<v>,a3.h0->m5
input->a8.h0<q>,m6->a19.h3<v>
m4->a5.h2<v>,a9.h3->m25
a6.h0->m16,m2->a3.h7<q>
m6->a11.h1<q>,m6->a15.h5<q>
m2->a3.h7<q>,input->a24.h2<v>
m1->a6.h2<q>,a0.h2->m23
m4->m24,a9.h3->m15
m0->a2.h2<k>,m0->a6.h6<q>
m9->m13,a7.h4->m17
m2->a8.h4<q>,m8->a9.h1<v>
m11->a13.h4<q>,m13->a19.h3<v>
a0.h0->m3,input->a14.h2<q>
m15->a19.h2<v>,m4->m24
input->a24.h5<q>,m5->a7.h0<q>
m1->a19.h2<v>,m10->a12.h2<q>
m0->a3.h0<q>,a5.h4->m6
a11.h4->m16,a2.h0->m3
input->a11.h0<k>,input->a8.h3<q>
m18->a25.h6<q>,m3->m21
m6->a8.h2<k>,a3.h2->m6
a0.h2->m4,m0->a1.h1<q>
m21->a25.h6<q>,m4->m15
input->a9.h1<q>,input->a11.h0<q>
m1->a2.h5<q>,a0.h2->m14
input->a9.h5<q>,a5.h7->logits
input->a6.h5<q>,a3.h0->m3
input->a8.h7<q>,m23->a24.h1<v>
input->a10.h1<v>,m0->a11.h1<q>
m7->a9.h0<v>,m4->a6.h3<k>
m16->a21.h3<k>,m0->a9.h1<q>
a7.h4->m17,m5->a7.h7<q>
m23->a24.h1<v>,m5->a8.h1<k>
a6.h0->m13,a6.h0->m16
a4.h5->m7,m4->a5.h0<k>
m5->m19,m5->a7.h0<k>
m2->a8.h1<v>,m0->a1.h0<k>
m2->a4.h6<q>,a8.h5->m24
m9->a11.h1<q>,input->a24.h0<q>
m2->a4.h3<v>,input->a10.h3<q>
a3.h2->m5,m21->a25.h6<q>
m21->a22.h0<v>,m7->a9.h0<v>
m6->a19.h3<v>,a12.h6->m14
input->a15.h7<q>,m0->a21.h3<v>
input->a4.h1<k>,m18->a22.h0<v>
m0->a25.h7<q>,a15.h6->m16
m2->a25.h3<v>,input->a25.h2<q>
m1->a7.h0<q>,m5->a8.h2<k>
a5.h0->m6,input->a17.h3<v>
m0->a19.h7<q>,m1->a3.h1<k>
m0->a21.h3<v>,m4->a5.h3<q>
m17->m18,m1->a3.h7<q>
m7->m11,m14->a24.h0<v>
m0->a2.h4<q>,input->a6.h3<k>
m0->a8.h6<q>,input->a25.h4<q>
m0->a7.h4<q>,m2->a5.h6<q>
m16->m17,m1->a21.h6<q>
a2.h7->m2,m5->a19.h3<k>
m0->m22,a3.h0->m7
a12.h6->m20,m11->a19.h3<v>
m18->m24,m2->a3.h2<v>
m11->m18,m0->a5.h0<v>
m10->a11.h2<v>,a7.h3->logits
a0.h2->a2.h2<v>,a5.h0->m6
a3.h3->m4,m0->m15
m5->m10,m7->a11.h0<v>
input->a4.h0<k>,a11.h4->m16
a8.h4->m8,a3.h2->m8
a0.h2->a3.h1<v>,m20->a21.h3<k>
a4.h6->m5,input->a5.h2<k>
m20->m21,m6->a11.h1<q>
m8->a13.h0<v>,m14->a15.h3<v>
m2->a18.h1<q>,m1->a19.h2<v>
a8.h5->m14,m5->a6.h3<k>
m0->a4.h1<q>,m1->a8.h5<q>
m8->m22,a0.h0->m3
m1->a3.h2<q>,a12.h6->m20
m6->logits,m11->a25.h3<v>
m8->m10,a5.h0->m7
m24->a25.h7<q>,m4->a7.h2<q>
m5->a9.h1<k>,input->a14.h3<q>
a3.h2->m6,m5->a6.h6<q>
m0->a7.h1<k>,m12->m24
m2->a4.h0<q>,a16.h3->m19
m2->a5.h6<q>,input->a25.h5<q>
m5->a8.h1<v>,m3->m23
m14->a15.h5<q>,a14.h6->m20
m10->a11.h1<v>,m0->a8.h4<q>
m6->a9.h3<q>,m16->a21.h6<q>
m7->a19.h3<k>,a6.h0->a7.h2<v>
m4->a7.h0<q>,m6->a7.h7<q>
m5->a21.h6<q>,m10->a11.h0<q>
input->a16.h1<q>,m2->a8.h1<v>
m14->a19.h6<q>,m2->a4.h0<k>
a1.h1->m9,m14->m24
a0.h2->m17,m1->a8.h4<q>
a6.h0->m11,m13->a25.h6<q>
m0->a11.h2<v>,m15->a19.h2<v>
input->a5.h2<k>,m9->m20
m5->a7.h0<v>,input->a9.h0<v>
m9->a15.h2<q>,a3.h2->m4
m1->m12,m1->a4.h3<q>
m15->m22,m1->a6.h0<v>
m17->m25,a1.h5->m2
input->a24.h2<v>,m0->a13.h5<q>
m0->a18.h1<q>,m1->a7.h2<q>
a10.h0->m11,input->a5.h0<v>
m1->a11.h1<q>,m14->a19.h3<k>
m13->a25.h6<q>,m13->a19.h2<v>
m6->a8.h4<q>,a12.h7->m14
m0->a2.h3<k>,a6.h0->m7
m5->a8.h1<k>,input->a18.h0<q>
m13->m23,m6->m15
a2.h5->a6.h0<v>,a3.h3->m4
m1->a9.h1<v>,m9->m11
a16.h3->m17,m10->a21.h3<k>
input->m19,a0.h2->m5
m12->a13.h4<q>,a7.h4->m20
m17->a22.h0<v>,m23->a25.h3<k>
a8.h5->m23,input->a1.h2<v>
m0->a5.h0<v>,m8->a19.h3<v>
a3.h0->m5,a1.h1->m1
m11->m16,m13->a15.h3<k>
a4.h5->m19,m1->a6.h2<q>
m7->a13.h4<q>,m1->a4.h0<q>
a0.h3->m7,m0->m8
m2->a6.h1<q>,m0->a5.h7<q>
m16->m25,a6.h7->m7
m8->m17,a8.h5->m9
m1->a7.h1<v>,m23->a25.h3<v>
m11->a13.h0<v>,input->a13.h2<q>
a3.h3->m3,m22->a25.h3<k>
m2->a4.h7<q>,m9->a11.h1<q>
m0->a13.h5<q>,m4->a11.h1<q>
m15->m20,m6->a9.h2<v>
m0->a3.h5<q>,a6.h7->m9
a4.h5->a7.h2<v>,m1->a3.h2<q>
input->a25.h5<q>,m0->a19.h7<q>
m18->a21.h3<v>,input->a13.h0<q>
m5->a19.h3<k>,a0.h2->a2.h2<v>
a4.h5->m11,m3->a8.h5<q>
a0.h5->m10,input->a9.h0<k>
input->a21.h1<v>,m0->a3.h4<q>
input->a19.h3<k>,m7->m25
a6.h7->m9,m10->a19.h6<q>
a6.h0->a7.h2<v>,m10->a11.h1<v>
m2->a6.h0<v>,m18->m25
input->a2.h2<v>,m14->a22.h0<v>
m2->a13.h4<q>,input->a18.h4<q>
input->a19.h5<q>,a4.h5->m11
m5->a7.h0<q>,a11.h5->logits
m3->a4.h0<q>,m17->m18
m0->a1.h7<q>,a12.h7->m12
a4.h5->m21,m3->m16
input->a15.h6<q>,m15->a21.h3<k>
m17->a18.h0<k>,a0.h0->m1
m2->a3.h4<q>,a0.h5->m10
m0->m19,a7.h4->m24
a5.h7->logits,m0->a1.h7<q>
m2->a4.h3<k>,a0.h2->m3
m18->a25.h3<v>,a14.h6->m14
m17->a24.h0<v>,m10->a25.h3<v>
m1->a19.h7<q>,m16->a19.h6<q>
m3->a5.h0<v>,m12->m19
m10->a19.h6<q>,a4.h3->m4
m1->a9.h6<q>,input->a23.h7<q>
m15->a19.h3<v>,m0->a8.h6<q>
m0->a6.h7<q>,a4.h5->m8
a14.h6->m14,m12->m21
m3->m14,a11.h5->m16
a0.h2->a2.h3<v>,m11->a13.h5<q>
a4.h6->m7,m0->a25.h7<q>
m1->a3.h3<q>,input->a2.h2<k>
m3->m21,m6->a13.h5<q>
m6->a13.h2<k>,a16.h3->m17
m6->a7.h0<q>,m0->a7.h5<q>
a5.h0->m7,a7.h5->m10
a9.h3->m25,m12->a18.h0<q>
m3->m16,m0->a18.h1<q>
a5.h4->m11,m15->m20
m5->m17,m10->a18.h1<q>
m1->a7.h1<q>,m15->m21
m0->a2.h2<q>,m22->a24.h0<v>
m6->a15.h5<q>,m3->m17
input->a23.h7<q>,input->a11.h1<v>
input->a3.h2<v>,m13->a18.h4<q>
m1->m21,m17->a19.h7<q>
m2->a3.h1<q>,a6.h0->a15.h3<v>
m1->a8.h1<v>,input->a9.h2<q>
a0.h2->m15,m9->a15.h3<v>
input->a2.h0<k>,m5->a9.h0<k>
a8.h5->m21,m8->m15
m0->a7.h1<q>,input->a19.h3<k>
m0->m21,m0->m11
m9->m23,m7->m22
a15.h6->m16,m0->a2.h2<k>
m4->m17,input->a5.h2<q>
m5->a7.h0<k>,m17->a25.h3<v>
m1->a5.h3<v>,a11.h4->m19
m0->a15.h2<q>,a8.h5->m23
m5->a13.h4<q>,a4.h6->m5
m6->a9.h2<v>,a1.h4->logits
m15->a25.h3<v>,m0->a6.h2<k>
m4->a5.h0<k>,m4->a13.h4<q>
m17->a19.h2<v>,m6->m14
m1->a3.h5<q>,input->a10.h1<v>
a12.h6->m15,m2->a13.h4<q>
input->a16.h2<q>,m2->a7.h3<q>
a1.h4->logits,a12.h6->m15
m4->m19,a0.h2->m2
m3->a5.h6<q>,a0.h0->m4
a3.h3->logits,m7->m19
m4->a19.h2<v>,m7->a13.h4<q>
input->a21.h2<v>,a4.h5->m19
m6->m18,a3.h3->m3
m12->logits,m3->a4.h3<v>
a9.h3->m15,a3.h3->logits
a0.h5->a2.h2<v>,m12->a13.h0<q>
m4->a11.h2<v>,m17->a19.h3<k>
a5.h7->m5,m19->a21.h6<q>
m0->a3.h0<k>,m22->a23.h1<v>
a4.h0->m5,m0->a3.h3<q>
m7->m14,a10.h0->m11
m10->a11.h0<v>,m5->a9.h1<k>
a1.h1->m7,m6->m10
m2->a7.h3<q>,m4->a7.h0<q>
a6.h0->a15.h3<v>,m0->a1.h4<q>
input->a12.h6<q>,m8->m13
a11.h5->m16,a2.h7->m8
m3->m23,m4->a11.h2<v>
a6.h6->m14,m1->a2.h5<q>
m4->a7.h2<q>,a4.h5->m21
m4->a7.h2<k>,m4->a12.h3<v>
m4->a13.h4<q>,m23->a24.h0<v>
m16->a19.h7<q>,m0->a8.h1<k>
m4->a11.h1<q>,m4->a5.h1<v>
m4->a5.h3<v>,m7->a11.h2<v>
m0->a8.h3<q>,a2.h5->a6.h0<v>
a2.h0->m14,a6.h0->m8
a7.h4->m20,m6->a10.h2<q>
a1.h2->m2,m1->a7.h1<v>
m15->a21.h3<k>,m0->a6.h1<q>
m6->a7.h1<k>,m0->a5.h3<k>
a7.h4->m9,a0.h5->logits
a16.h2->logits,m4->m21
m18->m21,m12->a13.h0<k>
m2->a3.h2<v>,input->a21.h1<v>
m0->a8.h1<k>,m0->a15.h2<q>
input->a15.h1<q>,m0->a3.h0<v>
a6.h1->m6,input->a17.h7<q>
a12.h6->m14,a0.h2->m15
input->a12.h1<q>,m10->a19.h3<v>
m1->a7.h1<k>,m0->m22
m1->m20,m4->a5.h7<q>
input->a10.h3<q>,m13->a18.h7<q>
input->a12.h1<k>,input->a19.h5<q>
m2->a12.h3<v>,m2->a3.h3<k>
m23->a25.h6<q>,a4.h5->a7.h2<v>
a14.h6->m22,a0.h0->m9
m4->a6.h2<q>,input->a20.h6<q>
a7.h3->m8,a11.h4->m14
m3->a7.h7<q>,m10->a21.h6<q>
input->a11.h0<q>,m19->a21.h3<v>
m0->a5.h7<q>,m2->a4.h7<q>
a8.h5->m15,a2.h5->m7
m3->a19.h3<k>,a0.h3->m2
m6->a9.h1<v>,m2->a3.h1<q>
m22->a25.h6<q>,m3->a5.h0<v>
a0.h2->a25.h7<q>,m1->a9.h7<q>
m10->m21,a6.h6->logits
m12->m24,m1->a9.h1<v>
m1->a10.h0<v>,m4->a9.h6<q>
input->a18.h0<q>,a6.h0->m11
m5->logits,m2->a4.h0<v>
m2->a25.h3<k>,a3.h7->m4
m0->m15,m11->m24
m3->a5.h3<v>,m0->a6.h5<q>
m13->a19.h3<v>,m2->a8.h4<q>
m0->a5.h1<v>,a2.h5->m2
a0.h2->m1,m8->a17.h3<v>
m2->a25.h6<q>,m0->m3
m0->a5.h0<k>,a4.h0->m5
a11.h4->m25,m5->a11.h2<v>
m6->a21.h6<q>,m0->a12.h3<v>
a0.h0->m4,m0->a11.h0<q>
m0->a9.h1<q>,m0->a5.h1<q>
a1.h5->m4,a23.h1->logits
input->a18.h4<q>,m2->m19
m3->a15.h3<v>,m11->m14
a16.h3->m16,m15->a25.h6<q>
m9->m25,m5->a21.h6<q>
m2->a3.h3<k>,a4.h5->m7
m13->a19.h2<v>,a2.h0->m14
m7->a11.h1<v>,m7->a9.h2<v>
input->a20.h6<q>,a0.h2->m7
a3.h7->m4,m4->a13.h0<v>
m6->a13.h5<q>,a0.h2->a3.h1<v>
input->a21.h3<v>,m1->a3.h0<v>
m1->a7.h3<q>,m0->a13.h2<v>
a8.h5->m8,a0.h3->m0
m3->m10,a14.h6->a15.h3<v>
m5->a25.h3<v>,a2.h7->m2
m5->a21.h7<q>,a22.h1->logits
m4->a7.h3<q>,m8->a15.h5<q>
a0.h0->logits,m9->m21
a10.h0->m14,m2->a25.h3<k>
m0->a6.h2<v>,a0.h2->a2.h3<v>
a3.h2->m4,m2->a4.h0<q>
m2->a8.h2<v>,m4->a7.h3<q>
m2->a15.h2<q>,m5->a13.h4<q>
m4->a21.h6<q>,m12->a17.h3<v>
input->a11.h2<k>,m0->a2.h4<q>
m5->a8.h2<k>,a0.h2->a25.h7<q>
a0.h0->m1,m6->a8.h2<k>
input->a11.h3<v>,m9->m25
m2->a9.h3<q>,input->a24.h5<q>
m11->a12.h1<v>,m14->a19.h6<q>
m1->a25.h6<q>,m3->a5.h2<v>
m1->a3.h1<v>,a8.h5->m17
m12->a19.h2<v>,m8->a13.h4<q>
a6.h1->m7,a8.h5->m8
m7->m16,m11->m21
m4->a9.h6<q>,m1->a11.h1<q>
a7.h4->m24,m4->a7.h1<k>
m5->a11.h1<q>,a12.h6->m12
m8->a9.h1<k>,m9->a11.h1<v>
m20->a22.h0<v>,m7->a9.h3<q>
m0->a13.h2<v>,m10->a15.h3<k>
m8->a11.h1<v>,m6->a11.h1<v>
a7.h4->m11,a4.h6->m7
a14.h6->a15.h3<v>,m17->m25
m0->a4.h0<v>,m13->a19.h4<q>
m0->a1.h6<q>,m5->m22
m0->a1.h1<v>,a12.h6->m17
input->a16.h7<q>,m0->a5.h1<v>
m2->m12,m8->a11.h0<v>
a4.h5->m6,m4->a6.h2<q>
input->a8.h3<q>,a7.h4->m22
a3.h0->a5.h2<v>,m10->a11.h0<k>
m15->a25.h6<q>,m22->a25.h6<q>
a7.h4->m8,input->a16.h2<q>
a0.h5->m3,a1.h1->m19
a22.h1->logits,a7.h2->m7
m5->m21,m16->a20.h0<v>
m18->m23,a0.h5->m25
a11.h4->m15,m15->a20.h6<q>
m0->a2.h7<q>,m8->a21.h3<v>
m1->a2.h0<q>,m14->a17.h2<v>
m23->a24.h3<q>,m2->a10.h0<v>
m7->m25,m0->a8.h1<v>
input->a12.h4<q>,a0.h3->m7
m1->a8.h2<k>,m11->a19.h3<k>
a0.h2->m23,input->a23.h6<q>
m0->a1.h1<k>,m5->a8.h4<q>
input->a13.h7<q>,m0->m10
m11->m19,input->a6.h2<k>
m4->a8.h3<q>,m6->a7.h1<k>
m8->a9.h2<v>,m18->a24.h1<v>
m23->a24.h0<v>,m0->a7.h4<q>
input->a14.h7<q>,input->a14.h6<q>
input->a13.h0<q>,input->a24.h0<k>
m17->a19.h6<q>,m8->a9.h3<q>
m8->a11.h0<v>,m2->a8.h5<q>
m3->m11,a0.h0->logits
input->a24.h0<k>,m7->a9.h0<k>
a3.h2->m8,m6->a9.h3<q>
m6->a19.h7<q>,m1->a7.h0<v>
input->a6.h2<k>,m6->a10.h3<q>
m10->a12.h2<q>,m7->a9.h3<v>
m3->a4.h0<v>,a1.h1->m10
input->a11.h6<q>,input->a13.h7<q>
input->a15.h3<q>,a14.h5->logits
m8->a9.h1<v>,m0->a4.h0<v>
a0.h3->m0,a6.h6->m10
m3->a5.h7<q>,m8->m17
a8.h5->m11,input->a15.h7<q>
input->a2.h3<k>,a2.h6->m4
a3.h3->m13,a10.h0->logits
a0.h2->m5,m2->a3.h4<q>
m7->m24,m23->a25.h6<q>
m10->a21.h3<k>,m7->m24
input->a5.h5<q>,m0->a20.h3<k>
a7.h3->m7,a14.h6->m22
m12->a18.h1<q>,input->a4.h1<k>
m1->a19.h6<q>,m3->a12.h3<v>
m8->a19.h3<v>,m13->a21.h6<q>
a2.h6->m3,m10->a15.h5<q>
m6->a13.h2<q>,m15->a25.h3<k>
a1.h5->m8,m5->a7.h2<k>
m1->m5,a6.h1->m7
m16->a21.h6<q>,input->a12.h1<k>
m11->a19.h5<q>,a8.h5->m10
input->a23.h5<q>,m0->a1.h6<q>
a11.h4->m21,input->a4.h1<v>
m18->a24.h3<q>,m18->a19.h4<q>
m0->a8.h2<k>,m23->a24.h2<q>
m18->m25,m2->a5.h0<q>
m0->a14.h3<q>,m0->a2.h3<k>
input->a11.h3<k>,m3->a4.h2<v>
a1.h1->m1,m7->a11.h1<v>
a0.h5->m2,a24.h4->logits
a9.h3->m14,a11.h5->m17
a4.h1->m4,m5->a11.h1<q>
a2.h5->m6,m17->a24.h1<v>
a0.h5->logits,m3->m25
a2.h5->m7,a13.h4->logits
input->a25.h2<q>,m5->a9.h2<v>
a14.h6->m20,a13.h0->logits
m21->a24.h1<v>,m13->a25.h3<v>
a12.h6->m16,m13->a21.h7<q>
m9->a19.h2<v>,m11->a19.h5<q>
m1->m11,a0.h5->m3
a10.h0->logits,input->a13.h0<k>
m8->m23,m0->a10.h0<k>
m13->a21.h7<q>,m18->a21.h1<v>
m3->a9.h1<k>,a19.h6->logits
m0->a23.h0<q>,m2->a7.h3<v>
m11->a13.h2<v>,m0->a1.h1<k>
m0->a11.h0<q>,m9->a10.h1<k>
m6->a13.h4<q>,m2->a11.h1<q>
m1->a6.h0<v>,a11.h4->m22
m2->a11.h1<q>,m8->a9.h2<v>
a24.h4->logits,m4->a11.h3<v>
m21->a22.h1<q>,m12->a25.h3<v>
a4.h0->m7,input->a8.h2<v>
a0.h2->a25.h3<k>,m8->m22
m11->logits,a2.h0->m11
m2->a4.h3<q>,m14->a16.h0<v>
a2.h6->m4,m0->a21.h3<k>
a6.h7->a7.h2<v>,m9->a18.h1<q>
m13->a22.h0<v>,m7->a10.h4<q>
m17->a22.h1<q>,m6->a7.h0<q>
m3->a8.h1<k>,a6.h1->m6
m12->a13.h0<v>,m6->a8.h4<q>
m8->a13.h4<q>,m7->a8.h2<k>
m2->a5.h1<q>,a3.h2->m5
m1->a21.h7<q>,m9->a19.h2<v>
m18->a19.h7<q>,m6->a13.h2<k>
m2->a8.h1<k>,a0.h0->m5
a2.h5->m11,input->a6.h4<q>
m7->m15,a6.h0->m20
m20->a24.h1<k>,a8.h5->m15
m1->a6.h3<v>,m0->a3.h5<q>
a10.h0->m17,input->a20.h2<k>
m9->a13.h2<q>,input->a10.h0<k>
a0.h2->m13,m5->a9.h0<v>
a13.h0->logits,m4->m7
m8->a9.h3<v>,m9->a15.h2<q>
m6->a10.h2<q>,a10.h0->m14
m0->a24.h1<k>,m9->a11.h3<k>
a1.h1->m8,m0->a15.h3<v>
input->a17.h6<q>,m1->a9.h3<v>
a6.h6->m10,m21->a24.h0<k>
m0->a4.h4<q>,a3.h2->m15
m1->a18.h1<q>,m13->a19.h5<q>
m6->a21.h7<q>,input->a16.h1<v>
input->a22.h5<q>,m11->a14.h3<v>
m1->a11.h0<v>,m18->a23.h1<v>
m21->a25.h3<k>,a3.h2->m11
m17->a19.h7<q>,m22->m24
m13->m16,m1->a3.h1<q>
m3->m13,m9->a12.h3<v>
a2.h0->m17,m17->a24.h0<k>
m9->a10.h3<q>,m2->a4.h3<v>
m14->a15.h2<q>,a2.h7->m4
m2->a6.h2<v>,m10->a19.h3<k>
a7.h7->m7,m18->a19.h3<v>
m0->a5.h3<k>,m24->a25.h0<v>
m9->a11.h3<k>,a18.h5->logits
m0->a1.h2<k>,m4->a21.h3<k>
m6->a15.h2<q>,input->a8.h0<q>
m7->a11.h0<v>,m12->a15.h3<k>
m0->a20.h3<k>,input->a21.h3<v>
input->a11.h1<v>,m0->a1.h5<q>
a4.h6->a6.h0<v>,m22->a25.h0<v>
input->a20.h2<k>,input->a13.h1<q>
m12->a15.h2<q>,a17.h6->m17
a2.h0->m11,m21->a23.h0<v>
input->a14.h5<q>,a3.h3->m9
m0->a5.h4<q>,a8.h4->m15
m0->a24.h0<k>,m4->a10.h4<q>
a17.h6->m17,input->a12.h6<q>
m0->a8.h1<v>,m12->a21.h1<k>
input->a11.h0<v>,m1->m15
a2.h5->a4.h2<v>,m2->a9.h3<q>
a12.h7->m12,m18->a22.h2<v>
m6->a25.h3<k>,m1->a19.h7<q>
m19->a23.h0<v>,m3->m22
m0->a1.h4<q>,m9->m10
a1.h0->m2,a2.h0->m17
a7.h3->m13,m5->m21
a19.h4->m20,a11.h4->m21
m7->a25.h3<v>,m5->a10.h0<k>
a7.h3->logits,m6->a9.h1<v>
m4->a21.h7<q>,a1.h3->m2
a1.h1->m6,a3.h0->a5.h2<v>
a6.h0->m20,a1.h0->m3
m7->a11.h2<v>,m5->a9.h3<k>
m4->a7.h2<v>,a9.h3->m14
m1->a3.h0<v>,m15->a18.h0<v>
m0->a2.h0<q>,m0->a7.h1<v>
a16.h2->m17,m0->a8.h3<q>
m0->a4.h2<k>,a5.h4->m11
m2->a8.h2<k>,m14->a15.h2<v>
m0->a6.h2<k>,a3.h2->a7.h2<v>
m4->a9.h3<q>,a0.h5->a2.h2<v>
m4->a5.h7<q>,input->a14.h7<q>
m4->a5.h1<q>,m5->a9.h1<v>
m0->a13.h2<q>,a0.h2->a25.h3<k>
m10->a21.h6<q>,a11.h4->m15
a3.h2->m11,m10->m18
input->a15.h0<k>,m2->a5.h7<q>
a12.h6->logits,m6->a7.h2<q>
m0->a15.h3<v>,a1.h1->m17
m2->a19.h5<q>,m11->a16.h0<v>
m19->a24.h0<k>,input->a12.h4<q>
a0.h2->a6.h2<v>,a0.h0->m6
m17->m22,input->a3.h2<v>
a0.h5->m0,m0->a1.h2<k>
input->m20,m1->a3.h1<v>
m17->a21.h3<v>,a8.h5->m21
a0.h5->m25,m6->m25
m12->m23,a7.h5->m9
a14.h6->m19,m10->a13.h2<k>
a1.h1->m10,m19->a22.h0<v>
input->a14.h6<q>,a8.h3->m12
a2.h7->m5,m23->a24.h3<q>
input->a21.h3<q>,m2->a8.h1<k>
a3.h0->m6,m8->a11.h3<k>
m0->a6.h5<q>,m14->a19.h3<v>
m4->a8.h5<q>,m7->a10.h0<k>
a0.h0->a3.h7<q>,m19->a24.h0<k>
a0.h2->a19.h2<v>,m11->a18.h0<q>
m11->a19.h3<v>,m0->a11.h0<v>
a1.h3->logits,m2->a4.h3<k>
m13->a15.h1<v>,m0->a24.h0<k>
a4.h0->m6,m4->a21.h1<k>
m2->a8.h5<q>,m21->a23.h1<v>
m2->a7.h3<v>,m12->a18.h4<q>
m1->a7.h4<q>,m7->a21.h1<v>
m0->a24.h2<q>,m2->a5.h3<v>
m9->a15.h3<v>,m5->a21.h7<q>
a11.h5->m21,input->a22.h1<q>
input->a23.h6<q>,m13->a23.h0<v>
m15->a24.h1<v>,m11->a18.h7<q>
m10->m18,a2.h7->a5.h2<v>
a7.h4->m12,input->a23.h1<q>
a16.h3->logits,a11.h4->m25
m2->a21.h6<q>,a7.h3->m7
a8.h3->m12,a7.h3->m13
a11.h5->m12,m13->a18.h1<v>
m5->a9.h0<k>,m0->a2.h7<q>
m14->m15,a11.h5->m12
a13.h4->logits,m3->a6.h3<k>
a3.h2->a5.h2<v>,a2.h5->m6
m7->a9.h1<k>,m15->a24.h1<v>
m7->a8.h2<k>,m2->a7.h5<q>
a2.h7->m7,m5->a11.h3<v>
input->a16.h3<q>,a2.h0->m7
input->a7.h3<k>,m10->a24.h2<v>
m5->a11.h2<v>,m1->a4.h0<v>
input->a19.h6<q>,m11->a21.h3<k>
input->a13.h1<k>,m16->a21.h3<v>
a11.h4->m22,m15->a21.h1<k>
a7.h4->m22,m12->a13.h4<q>
a8.h5->a19.h2<v>,m4->a11.h0<v>
m0->a21.h3<k>,m0->a8.h2<k>
a8.h5->a9.h1<k>,a6.h7->m13
input->a18.h3<q>,m4->a15.h1<v>
m14->a19.h5<q>,m21->a25.h3<v>
m8->m19,m7->a19.h3<v>
m3->a6.h2<v>,a0.h5->m4
m11->a21.h7<q>,a7.h3->m25
m5->a6.h3<k>,m6->a10.h0<k>
m4->a5.h3<q>,a8.h3->m18
m23->a24.h2<q>,m8->a10.h0<v>
m1->a3.h1<q>,m17->a20.h2<k>
m4->a13.h0<v>,m1->a11.h0<v>
input->a12.h2<q>,input->a6.h0<k>
m18->a25.h3<k>,m10->a25.h6<q>
m0->a4.h7<q>,m5->a8.h3<q>
m13->a22.h1<q>,m18->a21.h3<v>
m10->a13.h2<v>,m4->a9.h3<k>
a2.h5->m18,m13->a21.h1<k>
m15->a20.h6<q>,a8.h5->a19.h2<v>
m18->a24.h1<q>,input->a16.h7<q>
m12->a21.h1<k>,m1->m22
m7->a9.h2<v>,a12.h7->a15.h3<v>
a0.h0->m25,a7.h3->m12
m18->a19.h6<q>,a2.h6->m3
a16.h3->m19,m12->a18.h0<k>
m1->a5.h1<q>,m17->a24.h0<v>
m0->a9.h1<v>,m5->a7.h1<k>
m19->a21.h6<q>,m4->m19
m0->a19.h3<v>,m1->a25.h7<q>
input->a8.h3<k>,a1.h2->m2
input->a16.h1<v>,a2.h5->m11
m14->a19.h3<v>,a0.h4->m0
m16->a20.h0<v>,m2->a19.h5<q>
m4->a11.h0<v>,m15->a21.h6<q>
m1->a4.h6<q>,m0->a5.h0<k>
m11->a21.h3<k>,input->a15.h1<q>
m7->a13.h5<q>,a6.h6->m17
a0.h0->m9,m18->a24.h1<q>
m12->a18.h0<q>,m0->a19.h3<v>
m3->a4.h2<v>,m0->a6.h7<q>
m15->a23.h0<k>,m13->a19.h6<q>
m14->a15.h3<k>,input->a14.h5<q>
input->a25.h0<v>,m8->a22.h0<v>
m8->a15.h5<q>,m5->a11.h1<v>
a15.h6->m17,m7->a25.h3<v>
m1->a24.h2<q>,a4.h0->m7
m12->a13.h2<v>,m2->a15.h5<q>
m10->a13.h2<k>,input->a21.h5<q>
m12->a18.h0<k>,m7->a13.h0<k>
m9->a17.h3<v>,m2->a15.h2<q>
m10->m24,a8.h3->m9
m3->a8.h3<q>,m6->a19.h7<q>
m3->a4.h1<q>,input->a13.h0<v>
a4.h3->m8,m4->m20
m2->a22.h1<q>,m13->a21.h0<v>
m11->a13.h1<q>,m9->a13.h7<q>
a5.h4->m19,m0->a6.h2<v>
m10->a13.h4<q>,m0->a14.h6<q>
a10.h0->m13,a0.h3->m10
m1->a2.h2<k>,m1->a15.h5<q>
a2.h5->a7.h2<v>,m1->a8.h1<v>
m11->a15.h6<q>,m11->a19.h2<v>
m5->a11.h1<k>,m0->a4.h2<q>
m6->a9.h0<v>,a3.h0->m8
m11->a14.h3<q>,a9.h2->m15
input->a21.h7<q>,m2->m11
a1.h1->a7.h2<v>,input->a0.h0<q>
m19->a21.h7<q>,m9->a10.h3<q>
a1.h3->m7,m20->a24.h1<k>
a3.h3->m9,a14.h6->m19
m5->a9.h2<v>,a1.h3->m3
m1->a9.h3<v>,a4.h6->a6.h0<v>
m2->a7.h0<v>,a0.h0->m25
input->a7.h6<q>,m16->a24.h1<v>
m8->a9.h7<q>,m18->a24.h0<v>
m0->a4.h2<q>,m9->a16.h0<v>
m2->a5.h0<q>,m8->a9.h7<q>
input->a10.h7<q>,m5->a18.h1<q>
a19.h6->logits,a15.h6->m17
a5.h0->m14,m16->a19.h7<q>
a18.h5->logits,a1.h1->a2.h3<v>
m10->m25,m13->a14.h2<v>
m5->a11.h1<v>,m4->a7.h0<v>
input->a16.h4<q>,m1->a7.h1<q>
m20->a25.h3<v>,m1->a8.h2<k>
a2.h0->a5.h2<v>,m7->m16
m1->a5.h2<q>,m0->a9.h0<v>
a4.h3->m7,m9->a17.h3<v>
a11.h4->m14,m20->a21.h2<q>
a24.h4->m25,a2.h5->m8
a2.h0->m4,input->a9.h7<q>
m2->a7.h2<k>,m13->a14.h6<q>
m4->a5.h1<v>,m15->a16.h1<v>
m0->a4.h5<q>,m4->a21.h7<q>
m14->a22.h1<q>,m5->a7.h2<q>
m1->a13.h4<q>,a6.h7->m10
m7->a15.h3<v>,m7->a13.h5<q>
a2.h1->m2,a2.h7->m7
m1->a9.h1<k>,a1.h5->m8
m3->a4.h7<q>,a6.h7->m16
m0->a4.h3<v>,m17->a20.h6<q>
m10->a19.h3<k>,a16.h3->logits
m14->a22.h0<k>,m5->m25
m4->a21.h1<k>,m3->a10.h0<v>
m5->m14,a5.h6->m5
m16->a22.h0<v>,m1->m16
m0->a21.h3<q>,m12->a13.h5<q>
m11->a25.h3<v>,m12->a21.h6<q>
m18->a21.h5<q>,m6->a13.h4<q>
a6.h0->m14,input->a21.h7<q>
a9.h3->m24,a5.h4->m19
m2->a15.h5<q>,a4.h5->a6.h0<v>
m1->a12.h2<q>,a5.h4->logits
a7.h5->m10,a0.h3->m15
a4.h5->logits,m0->a7.h0<k>
a6.h6->logits,m1->a15.h6<q>
a3.h2->m19,m11->a21.h7<q>
m12->a15.h3<k>,m13->a20.h4<q>
m3->a9.h6<q>,m6->a13.h7<q>
m8->a17.h3<v>,a9.h3->m24
m0->a24.h1<q>,input->a18.h3<q>
m1->a7.h0<v>,m19->a23.h0<v>
m11->a18.h4<q>,m20->a21.h1<k>
m5->a7.h5<q>,m20->a25.h3<v>
m8->a21.h3<v>,m2->a3.h5<q>
m18->a21.h7<q>,m5->a12.h1<v>
m1->a25.h7<q>,a12.h2->logits
a4.h5->m5,m0->a11.h0<k>
a3.h2->a7.h2<v>,input->a7.h3<k>
m6->a13.h7<q>,a8.h4->m10
m2->a15.h3<v>,m1->a5.h3<q>
m10->a11.h3<k>,m12->m22
m15->a22.h0<k>,m5->a6.h5<q>
input->a12.h5<q>,m4->a9.h2<k>
m2->m23,a25.h6->logits
input->a10.h1<q>,a14.h6->m25
a10.h1->m17,m15->a21.h2<v>
a1.h1->m4,a1.h1->m16
m1->a2.h3<q>,m7->a19.h6<q>
m1->a3.h1<k>,m11->a25.h6<q>
m10->a21.h3<v>,a5.h0->m15
a12.h7->m14,m8->a10.h3<v>
m0->a9.h0<v>,m17->a21.h7<q>
m7->m22,m9->a15.h1<v>
m6->a8.h3<q>,m0->a3.h2<v>
input->a9.h0<k>,a4.h1->m4
m1->a10.h3<q>,a6.h7->a7.h2<v>
m17->a19.h3<v>,input->a25.h1<q>
a15.h6->logits,m6->a21.h3<k>
m0->a12.h3<v>,m19->a24.h0<v>
m2->m7,m9->a13.h5<q>
m12->a13.h0<k>,a24.h4->m25
m0->a3.h2<v>,m1->a24.h2<q>
m1->a18.h4<q>,a7.h7->m7
m17->a19.h3<k>,a6.h0->m19
m2->a5.h2<k>,input->a19.h4<q>
m11->a13.h5<q>,m1->a9.h6<q>
m1->a15.h6<q>,m8->a14.h6<q>
a7.h2->m7,a12.h7->m13
a0.h5->m12,m7->a8.h1<k>
m5->a7.h2<q>,input->a20.h1<q>
m22->a25.h3<k>,m0->a13.h1<q>
m9->a25.h3<v>,a0.h2->a19.h2<v>
m0->a11.h0<v>,m0->a1.h1<v>
m5->a11.h3<k>,m14->a18.h0<v>
a0.h3->m2,m2->a5.h2<q>
m15->a19.h7<q>,a6.h5->m7
m4->a6.h3<k>,m12->a19.h4<q>
m3->a21.h3<k>,m9->a21.h2<q>
a1.h1->m12,m17->a25.h3<k>
m2->a7.h0<k>,m18->a19.h6<q>
a0.h2->a4.h0<q>,m16->a22.h0<v>
m2->a3.h3<v>,a3.h2->m19
a10.h2->m13,m4->a7.h7<q>
m0->a2.h0<k>,m0->a23.h0<q>
a6.h7->m21,a2.h0->logits
a8.h5->a25.h6<q>,a1.h1->a2.h2<v>
m2->a5.h7<q>,a0.h0->m0
m3->a9.h2<q>,m8->a10.h0<k>
a8.h4->m15,m11->a13.h3<v>
m1->a4.h2<k>,m10->a21.h3<v>
a6.h0->m8,m7->a17.h3<v>
m6->a15.h4<q>,m1->a2.h3<q>
m14->a15.h1<v>,a0.h5->m1
a0.h0->m17,input->a19.h2<q>
m13->a19.h4<q>,m4->a21.h6<q>
a16.h2->m18,m2->a25.h6<q>
m9->a18.h1<q>,m8->a19.h5<q>
m5->a25.h3<k>,a0.h2->a6.h2<v>
m0->a21.h1<v>,m8->m10
input->a17.h3<v>,m1->a18.h1<q>
m6->a21.h3<q>,m17->a21.h3<v>
m0->a1.h1<q>,a0.h2->m13
a6.h6->m16,a1.h3->logits
a0.h2->a2.h6<q>,m7->a13.h2<v>
a0.h0->a3.h1<v>,m12->m23
m9->a10.h1<k>,m18->a24.h3<q>
a10.h2->m12,m3->a19.h3<k>
a5.h0->m15,m12->a21.h3<v>
m5->a13.h0<v>,input->a12.h1<q>
m20->a23.h0<v>,m5->a13.h0<k>
input->a0.h2<v>,a0.h2->a7.h2<v>
a4.h3->m9,a0.h4->logits
m4->a8.h1<v>,a16.h2->logits
a3.h2->m15,m6->a20.h1<q>
m5->a13.h5<q>,m5->a10.h3<v>
a14.h6->m25,m3->a4.h1<v>
m1->a9.h2<v>,m5->a9.h3<q>
m11->a18.h7<q>,a9.h3->a18.h1<q>
m3->a4.h3<q>,input->a2.h0<k>
m0->a7.h0<k>,m7->a9.h1<q>
m0->a10.h0<v>,m22->m25
m0->a1.h3<k>,m13->m20
a7.h4->m7,a0.h5->m12
m13->a19.h6<q>,m9->a25.h3<v>
a1.h0->m3,m7->a23.h0<v>
a1.h3->m2,a6.h6->m14
m11->a12.h2<q>,m12->a18.h0<v>
m9->a16.h3<q>,m20->a25.h7<q>
a3.h3->m19,a0.h3->m13
m2->m24,m6->a21.h6<q>
a1.h4->m3,m10->a11.h6<q>
m12->a13.h0<q>,m8->a11.h0<k>
a4.h6->logits,m1->a10.h3<q>
a7.h3->m12,m5->a13.h5<q>
a4.h5->a18.h1<q>,a3.h3->m13
a12.h6->a25.h3<v>,m2->m22
m18->a21.h1<v>,input->a11.h3<q>
m11->a19.h7<q>,m11->logits
m2->a3.h3<q>,m0->a24.h2<q>
m19->a22.h1<q>,m1->a25.h6<q>
a1.h4->m25,m4->m9
a8.h5->a24.h2<v>,m5->a9.h1<q>
input->a10.h0<k>,a6.h1->m8
a8.h5->m17,m15->a19.h5<q>
a2.h7->a5.h2<v>,a1.h1->m15
a2.h7->m8,m8->a16.h0<v>
m8->m11,m4->a8.h3<q>
a4.h6->m19,m18->a21.h6<q>
input->a25.h6<q>,a10.h0->m17
m2->a11.h1<v>,m5->a13.h0<v>
m1->a6.h2<v>,m0->a2.h0<k>
a5.h4->logits,m15->a19.h7<q>
a1.h3->m3,m9->a11.h3<v>
m13->a18.h0<q>,a12.h7->m21
m3->a7.h1<q>,m3->a8.h4<q>
m9->a10.h1<v>,a5.h6->m15
a6.h5->m7,a5.h0->m16
m0->a17.h7<q>,m18->a21.h2<q>
m6->a22.h1<q>,m0->a24.h1<k>
a1.h5->m25,m0->a4.h1<q>
m3->a19.h3<v>,m6->m22
a25.h6->logits,a0.h2->m11
m3->a8.h5<q>,a11.h2->logits
m3->m25,m7->a20.h0<k>
m12->a17.h3<v>,m5->a6.h3<v>
m5->a19.h5<q>,m1->a6.h6<q>
a3.h0->m8,a1.h7->logits
m1->a9.h7<q>,a5.h7->a7.h2<v>
a0.h5->m1,m4->a9.h3<v>
a11.h4->m20,m1->a15.h3<k>
a2.h0->m7,m6->a15.h2<q>
m11->a19.h6<q>,m5->m20
m1->a8.h6<q>,input->a24.h0<v>
a6.h7->m10,m9->a10.h1<v>
m6->a7.h4<q>,m13->a20.h6<q>
m6->m21,m18->a24.h2<v>
a23.h1->logits,m8->a9.h1<k>
a7.h2->m8,m5->a15.h5<q>
m5->a12.h1<k>,m5->a12.h1<k>
a6.h7->m13,m6->a10.h4<q>
m1->a13.h2<q>,input->a25.h0<v>
m5->a19.h2<v>,a6.h6->m9
m8->m13,m6->m8
a1.h2->m4,m1->a25.h3<k>
a8.h2->m9,a0.h2->m16
a2.h4->m3,m23->a25.h0<v>
input->a11.h4<q>,m17->a19.h5<q>
a1.h1->m16,m0->a7.h1<q>
a5.h7->m6,m2->a6.h2<q>
m7->a19.h2<v>,m5->a7.h1<q>
a2.h0->logits,a0.h3->a25.h3<v>
m7->a8.h2<v>,m8->a10.h0<q>
m11->a18.h0<q>,m14->a21.h1<k>
a8.h3->m9,m18->a21.h7<q>
input->a4.h5<q>,a7.h4->m16
a5.h4->m15,m0->a4.h2<k>
a23.h5->logits,m7->a14.h1<v>
a9.h3->m20,a3.h3->m19
a0.h3->a25.h3<v>,a6.h7->m21
a8.h5->a9.h3<q>,a14.h5->a15.h3<v>
m12->a19.h5<q>,m0->a8.h2<q>
input->a7.h0<k>,a0.h7->m0
a3.h0->a4.h2<v>,input->a15.h3<q>
a0.h2->a7.h2<v>,m11->a12.h1<v>
m7->a8.h3<q>,m3->a4.h0<q>
m13->a21.h1<k>,m5->a25.h3<v>
input->a6.h0<k>,m5->m7
a3.h2->a4.h2<v>,m7->a9.h6<q>
m8->a21.h3<q>,m10->a11.h3<v>
m20->a25.h7<q>,m7->a10.h3<v>
m2->a8.h3<q>,m20->a23.h1<v>
input->a14.h4<q>,m4->a19.h2<v>
a3.h1->m7,a11.h5->m21
a2.h0->m16,m6->a8.h1<v>
m9->a13.h5<q>,a3.h5->m3
m5->m18,m1->a5.h5<q>
m18->a19.h3<k>,m0->a25.h0<q>
m5->a11.h3<v>,m12->a24.h0<v>
m6->a10.h7<q>,m4->a5.h2<q>
m1->a13.h5<q>,a2.h5->m17
input->a25.h1<q>,m1->a18.h4<q>
a11.h4->a21.h6<q>,a2.h5->m24
a0.h2->a18.h1<q>,a4.h0->m6
a4.h5->a6.h0<v>,a4.h5->a18.h1<q>
m6->a8.h5<q>,m14->a21.h1<v>
m6->a10.h3<q>,a12.h3->m19
m5->a9.h1<v>,m2->a19.h3<v>
a12.h6->m19,m2->a6.h2<v>
m7->a21.h6<q>,m20->a25.h6<q>
m17->a18.h4<q>,a1.h5->m4
m8->a10.h0<k>,a0.h5->m6
m7->a11.h1<q>,a10.h0->m13
m3->a12.h2<q>,a0.h0->m10
m7->m8,a0.h7->m5
m2->a13.h5<q>,m4->a13.h5<q>
m5->a15.h5<q>,m6->a18.h7<q>
m0->a14.h2<q>,m12->a19.h3<v>
m11->a19.h4<q>,a1.h5->m25
a4.h6->m25,a0.h2->a18.h1<q>
a0.h0->m18,a1.h1->logits
a8.h2->logits,m20->a24.h0<q>
m6->a11.h3<v>,a2.h7->m5
a5.h1->m6,a3.h0->m6
a0.h0->a6.h0<v>,m0->a15.h3<k>
m6->a11.h1<v>,m7->a11.h1<q>
a0.h0->m11,m21->a22.h0<v>
input->a4.h3<k>,input->a9.h2<k>
m0->a10.h0<k>,m1->a12.h1<k>
input->a0.h1<k>,a8.h5->a24.h2<v>
a11.h4->logits,m13->a15.h6<q>
m22->a23.h0<q>,m3->a8.h3<q>
input->a24.h7<q>,m22->a24.h3<v>
m2->a6.h2<q>,a6.h6->m16
a1.h5->m3,a8.h2->logits
m10->a11.h0<q>,m17->a18.h4<q>
a0.h0->m5,m11->a19.h4<q>
m0->a7.h0<v>,a2.h0->a5.h2<v>
m2->a5.h1<v>,m1->a3.h5<q>
m6->a10.h0<v>,a5.h7->m15
m8->a19.h3<k>,m3->a12.h2<q>
m11->a13.h1<k>,m6->a9.h2<k>
a4.h6->m6,m4->a8.h5<q>
input->a9.h2<q>,input->a13.h2<k>
a3.h3->m8,m6->a7.h4<q>
input->a1.h2<k>,m15->a23.h0<k>
m14->a18.h0<v>,input->a18.h0<v>
input->a21.h0<v>,m13->a17.h6<q>
m19->a25.h6<q>,m10->a18.h7<q>
input->a23.h0<v>,m7->a11.h0<q>
a8.h4->m12,a5.h0->m17
m4->a10.h4<q>,a3.h4->m6
m5->a10.h0<k>,a9.h2->m18
m18->a21.h3<k>,a7.h5->m11
m2->a14.h3<q>,m0->a24.h1<q>
m8->a9.h6<q>,a24.h1->logits
m19->a20.h3<v>,m14->a17.h3<v>
m1->a5.h4<q>,input->a19.h2<k>
a16.h2->m25,m15->a25.h3<v>
m18->a22.h1<q>,input->a17.h2<v>
a6.h6->m17,m6->a8.h2<q>
m12->a16.h3<q>,a11.h7->m14
m0->a5.h2<k>,m0->a19.h2<k>
m11->a12.h6<q>,m2->a6.h3<k>
a0.h3->m5,m7->a9.h1<k>
m9->a10.h3<v>,m11->a22.h0<v>
a3.h3->m7,a6.h0->a7.h1<v>
m2->a25.h7<q>,m0->a5.h4<q>
m6->a10.h4<q>,a6.h1->logits
a4.h5->a19.h6<q>,m13->a20.h1<q>
a2.h1->m4,a0.h3->m9
m13->a15.h3<k>,a3.h2->m3
a16.h2->m19,a16.h3->m21
m9->a11.h1<v>,a6.h6->a7.h1<v>
a1.h4->m4,m4->a20.h1<q>
a13.h0->m16,m11->a12.h4<q>
m9->a11.h7<q>,m3->a19.h3<v>
m18->a21.h3<q>,m10->a13.h2<v>
a0.h3->m8,m8->a15.h3<k>
a0.h4->m2,a8.h5->a9.h1<k>
m5->a7.h1<q>,m0->a9.h0<k>
m4->a21.h3<k>,m11->a18.h4<q>
m21->m23,m0->a10.h2<q>
m2->a21.h7<q>,a5.h7->m25
m7->a10.h0<k>,m10->a14.h3<v>
m6->a19.h5<q>,a6.h6->m20
input->a4.h1<v>,m7->m11
m8->a21.h3<k>,m11->a20.h4<q>
a0.h3->m24,a0.h2->m19
m0->a15.h1<q>,m13->a14.h7<q>
a9.h3->m11,m18->m22
input->a13.h0<k>,m14->a25.h7<q>
m19->a22.h0<k>,input->a21.h2<q>
m12->a18.h0<v>,m14->a18.h2<v>
m15->a18.h0<v>,a5.h4->a7.h2<v>
a2.h5->a25.h3<v>,m3->a4.h3<q>
a3.h0->a4.h6<q>,m13->a20.h0<v>
m3->a4.h2<q>,a7.h4->m11
a7.h4->m13,m11->a15.h6<q>
m13->a25.h3<v>,a10.h1->m17
m7->a13.h1<k>,a1.h4->m3
a1.h1->m17,a1.h3->m7
m13->a15.h6<q>,input->a12.h1<v>
a5.h0->m16,m0->a21.h3<q>
a13.h4->m14,a8.h2->m9
a7.h3->m9,a1.h4->m25
m6->a11.h0<q>,m7->a23.h6<q>
m6->a9.h0<q>,m3->a9.h2<q>
m5->a6.h5<q>,a0.h0->m17
m17->a20.h6<q>,m9->a12.h1<v>
m2->a15.h1<q>,a11.h4->m20
m4->a13.h5<q>,m3->a6.h2<v>
a10.h2->logits,m4->a24.h2<v>
m0->a12.h1<q>,m4->a9.h3<q>
m4->a11.h1<k>,a2.h5->m16
a5.h6->m15,m3->a13.h3<v>
a1.h3->m25,a0.h3->m24
a4.h1->m5,m5->a7.h3<q>
m3->a7.h3<q>,a18.h5->m25
a0.h7->m5,a10.h2->m13
a5.h7->m13,m1->a4.h3<v>
m10->a11.h0<k>,a5.h0->m14
input->a21.h2<q>,m23->a25.h3<q>
m0->a20.h6<q>,m15->a24.h2<v>
m0->a11.h7<q>,a5.h7->m5
m1->a8.h2<v>,m12->a15.h2<v>
a2.h5->m21,m2->a13.h5<q>
m17->a24.h0<k>,a4.h3->m8
m1->a5.h0<q>,m12->a25.h7<q>
a1.h5->a2.h2<v>,m14->a18.h0<q>
m7->a15.h5<q>,a7.h5->m21
m4->m21,m18->a24.h0<q>
m2->a11.h2<v>,input->a17.h6<q>
m0->a15.h3<k>,a0.h0->a3.h1<v>
m0->a11.h3<k>,a7.h4->m9
input->a10.h2<k>,a12.h6->m13
m8->a11.h2<v>,a8.h5->m11
a0.h2->a1.h0<q>,input->a10.h3<v>
a5.h0->m17,a10.h2->logits
a8.h5->m10,m2->a6.h1<q>
a4.h3->m5,m1->a7.h3<q>
m1->a4.h1<v>,m6->a8.h2<v>
a9.h3->m9,a3.h2->a5.h2<v>
m20->a22.h0<k>,a2.h5->a25.h3<v>
a3.h3->m25,a7.h3->m9
m21->m25,m13->a21.h3<v>
m0->a7.h5<q>,m4->a6.h2<v>
m7->a19.h3<v>,a23.h6->logits
a11.h1->m14,a0.h2->a6.h0<v>
m11->a15.h7<q>,m1->a20.h1<q>
m3->a8.h6<q>,m0->a1.h0<v>
m8->m24,m9->a21.h6<q>
a2.h5->a5.h7<q>,m0->a7.h2<k>
input->a12.h1<v>,input->a16.h3<q>
a1.h3->m8,a1.h5->logits
a8.h5->m20,m2->m7
a6.h0->a7.h2<q>,m1->a15.h2<q>
input->a24.h0<v>,m14->a21.h3<q>
m9->a21.h2<q>,m0->a3.h0<k>
a6.h0->a7.h1<v>,m11->a15.h2<v>
a14.h6->a15.h2<q>,m13->a23.h6<q>
m12->a13.h5<q>,a14.h6->a20.h3<v>
a4.h1->m8,m9->a14.h2<q>
a11.h2->logits,m6->a13.h2<q>
m0->a14.h6<q>,a19.h4->m20
a4.h1->m6,a3.h0->a4.h2<v>
m6->a14.h2<q>,a11.h1->logits
a12.h7->m25,m2->a21.h1<k>
a0.h4->logits,a7.h4->m19
a1.h5->logits,m12->a19.h6<q>
a7.h5->m9,m15->a21.h3<v>
m4->a19.h3<v>,a10.h2->m16
a7.h4->a9.h1<k>,a16.h2->m17
m18->a24.h0<q>,m1->a7.h2<k>
m0->a14.h7<q>,m4->a11.h7<q>
a3.h7->m8,input->a20.h4<q>
m4->a9.h1<v>,m18->a19.h7<q>
m3->a10.h0<v>,a0.h0->m11
m14->a25.h7<q>,m11->a12.h2<v>
a4.h7->m4,a0.h0->m18
a0.h2->a2.h5<q>,m21->a22.h1<q>
m14->a24.h0<v>,a12.h7->logits
a19.h4->logits,m2->a7.h0<v>
m4->a11.h7<q>,m16->a17.h5<q>
m15->a21.h1<k>,input->a13.h3<v>
a0.h0->a4.h2<v>,a8.h1->logits
m1->a4.h3<k>,a3.h5->m5
m2->a3.h1<k>,m1->a5.h1<v>
a3.h4->m3,a12.h6->a25.h3<v>
m3->a21.h3<v>,m9->a21.h3<q>
m16->a25.h6<q>,m8->a19.h3<k>
a8.h5->a9.h6<q>,m15->a18.h4<q>
m16->a19.h3<v>,a2.h5->m18
m7->m20,m19->m23
m8->a10.h3<v>,a0.h4->a1.h0<v>
m8->a13.h2<q>,input->a16.h0<v>
a1.h3->a5.h2<v>,a12.h6->m16
a9.h1->m13,m0->a12.h1<v>
m19->a24.h2<q>,m18->a21.h3<q>
m0->a5.h3<v>,m11->m19
a7.h4->a24.h2<v>,m6->a21.h2<q>
m12->a25.h7<q>,a8.h3->m10
m14->m24,a6.h5->logits
a9.h3->a18.h1<q>,m14->a17.h6<q>
a18.h5->m25,m16->a24.h2<v>
m4->a8.h2<v>,input->a8.h7<q>
a0.h0->a2.h2<v>,input->a22.h5<q>
m11->a21.h2<q>,a11.h1->m14
m10->m23,m14->a19.h7<q>
m11->a25.h7<q>,input->a7.h3<v>
a9.h5->m13,m3->a8.h6<q>
m5->a8.h3<q>,input->a11.h4<q>
input->a12.h3<k>,m20->a21.h2<v>
m0->a21.h7<q>,m4->a9.h1<k>
a3.h4->a4.h2<v>,m3->a8.h1<k>
a0.h5->a4.h2<v>,m1->a7.h0<q>
a8.h1->logits,m11->a14.h2<q>
m7->a21.h1<v>,m6->a22.h6<q>
a2.h7->logits,a3.h1->m7
m1->a4.h5<q>,m4->a15.h5<q>
m10->a15.h3<k>,m4->a5.h0<q>
m11->a14.h2<q>,m9->a10.h2<q>
m4->a25.h6<q>,a23.h5->logits
m2->a21.h1<k>,m8->a11.h1<q>
m7->a13.h0<v>,m6->a10.h0<q>
m13->a18.h1<v>,a15.h6->m18
m0->a13.h1<q>,a4.h6->m25
m0->a10.h1<k>,m5->a25.h3<k>
m10->a24.h2<v>,m1->a4.h3<k>
a6.h7->m16,input->a11.h2<v>
m8->a14.h6<q>,m20->m22
m21->a24.h0<k>,m1->a21.h3<v>
m17->a21.h6<q>,a0.h0->a3.h7<q>
m11->a15.h1<q>,m0->a25.h3<q>
m0->a13.h0<v>,m9->a16.h3<q>
m15->a25.h3<k>,m9->a12.h2<q>
m13->a18.h7<q>,a14.h5->m17
input->a2.h3<q>,m10->a19.h2<v>
input->a19.h2<q>,a13.h4->m14
a0.h2->m16,m13->a18.h0<q>
m5->a25.h7<q>,m7->a13.h1<k>
a14.h6->a20.h3<v>,m6->a7.h2<k>
m11->a13.h2<q>,m1->a21.h7<q>
m14->a21.h1<k>,m14->m18
m4->a15.h5<q>,a0.h3->a2.h2<v>
a3.h5->m4,a1.h7->m2
a3.h1->a5.h2<v>,m1->m20
m3->a19.h2<v>,m1->a8.h3<q>
a9.h3->m21,m0->a5.h3<v>
m12->a18.h4<q>,m1->a10.h2<q>
a3.h3->a5.h2<v>,a16.h2->m18
m23->a25.h4<q>,m0->a21.h1<v>
a0.h2->a3.h3<v>,a1.h1->m6
m0->a23.h0<k>,a12.h6->logits
m22->a24.h1<v>,m2->a3.h3<v>
input->a6.h4<q>,m2->a11.h0<v>
m2->a12.h2<q>,m2->a15.h4<q>
m6->a8.h6<q>,m19->a25.h3<k>
m9->a13.h2<k>,a2.h1->m2
m11->a25.h3<k>,a9.h5->m13
m5->a6.h3<v>,m11->a21.h2<q>
a2.h7->m6,m8->m25
a6.h6->m9,m6->a19.h4<q>
m2->a11.h3<k>,m8->a10.h1<v>
m13->a20.h3<v>,m18->a20.h1<q>
m0->a8.h2<q>,input->a20.h3<v>
m6->m22,a4.h6->m6
m5->a16.h3<q>,a0.h4->m2
input->a13.h1<v>,m13->a20.h3<k>
a0.h2->a11.h2<v>,a8.h5->a9.h3<q>
a0.h3->m9,m0->a7.h3<v>
m8->a24.h1<v>,a0.h7->m2
a19.h4->m22,m7->a24.h0<k>
m1->a25.h3<k>,input->a12.h5<q>
a2.h2->m3,m10->m23
m2->a23.h0<v>,m0->a14.h2<q>
a5.h7->a7.h2<v>,a11.h6->m14
m1->a19.h3<v>,m3->a7.h3<q>
a7.h1->m8,m5->m10
a9.h1->m12,m19->a24.h2<v>
m9->a13.h0<v>,m1->a9.h1<k>
m16->a23.h0<q>,m1->a7.h1<k>
m3->a15.h5<q>,m3->a19.h2<v>
m1->a2.h2<q>,m6->a7.h5<q>
m5->m23,m18->m23
m17->m24,a0.h4->a1.h3<q>
m17->a25.h3<v>,m13->a20.h3<v>
a3.h2->logits,a9.h3->m11
m3->a4.h1<v>,a11.h4->m13
m2->a11.h4<q>,m14->a25.h0<v>
m7->m23,a6.h0->a19.h2<v>
a6.h6->a7.h1<v>,m10->a11.h2<v>
m2->a5.h2<q>,m2->a9.h0<k>
a1.h7->logits,a0.h3->m8
a14.h6->a18.h1<q>,m8->a13.h3<v>
a8.h2->m12,m2->a4.h3<q>
a2.h5->m12,a8.h4->m12
a6.h1->m8,m3->m14
a6.h0->m10,a1.h1->m14
a2.h5->m24,m12->a20.h0<k>
m7->m19,a2.h0->m16
m2->m21,m1->a13.h0<q>
a1.h1->m19,m1->a3.h0<q>
a3.h2->m25,input->a2.h3<k>
a6.h5->m8,m17->a22.h2<v>
m9->a11.h3<v>,m4->a18.h1<q>
m4->a5.h0<q>,a1.h4->m4
m2->a3.h0<q>,m12->a21.h2<q>
m4->a13.h2<q>,m3->a9.h1<v>
m9->a12.h3<v>,m5->a13.h1<v>
a14.h6->a19.h6<q>,a11.h5->m15
input->a19.h4<q>,m8->a21.h3<k>
input->a17.h3<k>,a2.h5->a5.h2<v>
a0.h2->a2.h1<v>,m8->a24.h1<v>
m0->a1.h2<v>,m5->a10.h0<q>
a3.h1->m6,m12->a17.h6<q>
m7->a9.h3<q>,input->a24.h7<q>
m2->a24.h1<q>,m7->a24.h0<v>
m8->a15.h2<q>,m9->a14.h6<q>
m18->a22.h0<k>,m0->a4.h3<k>
m0->a10.h1<v>,a2.h5->m10
a0.h2->a5.h7<q>,a6.h0->m24
a8.h4->m10,input->a2.h2<v>
m4->a11.h3<v>,m6->a8.h3<q>
m16->a21.h3<v>,a18.h1->logits
m5->a22.h0<k>,m13->a21.h1<v>
m7->a25.h6<q>,m10->a11.h1<q>
m21->a23.h1<v>,m0->a20.h6<q>
a14.h6->m24,m7->m23
a2.h3->m5,a16.h2->m19
a0.h0->m10,m17->a21.h3<q>
a16.h2->m16,m2->a7.h0<k>
a1.h1->a2.h2<v>,m11->a19.h2<q>
a3.h3->m17,m14->a20.h3<k>
m8->a9.h0<v>,a3.h3->m25
a5.h6->m5,m0->a5.h2<q>
m11->a24.h0<v>,a7.h3->m20
a24.h1->logits,m7->a19.h5<q>
m5->a19.h7<q>,input->a4.h3<k>
input->a13.h3<q>,m12->a18.h1<v>
a0.h2->a24.h2<q>,a3.h4->m3
m9->a13.h7<q>,m2->a15.h3<v>
m2->a17.h3<v>,a8.h4->m11
m15->a24.h0<v>,a7.h3->m18
a2.h0->a5.h6<q>,m2->a11.h2<v>
a0.h4->a1.h3<q>,m6->a15.h4<q>
m19->a24.h2<v>,m17->a21.h2<v>
m2->a7.h2<q>,m8->a10.h3<k>
m6->a20.h6<q>,m4->a13.h0<q>
m6->a19.h4<q>,input->a8.h3<k>
a0.h2->a3.h3<q>,m19->a24.h2<q>
m4->a5.h5<q>,m0->a9.h1<v>
a0.h2->m19,m11->a18.h0<v>
a0.h2->a7.h2<q>,m4->a8.h4<q>
a1.h1->m15,m2->m20
m0->a3.h1<k>,input->a7.h6<q>
a0.h2->a5.h6<q>,a8.h2->m12
a11.h5->m17,m14->a16.h2<v>
m2->a16.h3<q>,m6->a24.h2<v>
a4.h6->m10,a6.h7->a7.h0<k>
m0->a24.h5<q>,m7->a8.h3<q>
a15.h6->a18.h1<q>,m12->a19.h2<v>
m5->a18.h1<q>,input->a10.h2<k>
a1.h5->m12,a12.h7->m25
m1->a10.h2<q>,m12->a18.h7<q>
a14.h5->m17,a12.h3->m18
a0.h5->m16,a3.h3->a5.h2<v>
a5.h0->m13,m14->logits
m1->a12.h1<k>,a1.h5->m17
m1->a15.h5<q>,m11->a25.h7<q>
a0.h4->m0,a2.h0->m19
input->a12.h7<q>,a11.h5->m13
m15->a21.h7<q>,input->a11.h7<q>
a4.h2->m18,m0->a23.h6<q>
a2.h5->m20,m0->a14.h3<q>
m7->a8.h7<q>,m4->a7.h2<k>
input->a17.h2<v>,a10.h2->m15
m24->a25.h0<v>,a3.h2->m10
m2->a9.h1<v>,a4.h5->m12
m2->a5.h3<k>,input->a22.h4<q>
a2.h3->m2,m8->a16.h1<v>
input->a20.h1<q>,a0.h0->m15
a6.h0->a19.h2<v>,a3.h3->m14
m1->a20.h3<k>,m17->a20.h3<v>
a6.h1->logits,a11.h5->m20
m6->a7.h5<q>,input->a12.h7<q>
m13->a14.h6<q>,m6->a20.h6<q>
m18->a19.h4<q>,m0->a10.h3<v>
m0->a25.h3<k>,input->a25.h1<v>
m6->a8.h7<q>,m6->a21.h7<q>
a13.h0->m21,m2->a23.h0<v>
m13->a21.h1<v>,a2.h2->m3
m6->a8.h2<v>,m17->a25.h0<v>
a3.h3->m14,m13->a22.h3<q>
m5->a6.h7<q>,m8->a21.h3<q>
m7->a13.h0<k>,m2->a4.h1<v>
m0->a15.h4<q>,m4->a14.h2<v>
a14.h6->m17,a12.h3->m14
m9->a14.h2<q>,m2->a10.h3<q>
m16->a18.h1<q>,a7.h3->m14
a12.h3->m14,a0.h3->a1.h0<v>
m6->a21.h3<k>,m6->m21
a14.h6->a15.h5<q>,a0.h2->a4.h0<q>
input->a25.h1<v>,a7.h5->m12
a3.h1->m8,a7.h5->a8.h1<v>
m3->a13.h2<q>,a9.h3->logits
input->a24.h4<q>,a5.h7->m13
a1.h5->m6,a0.h5->m8
a3.h3->m5,a4.h1->m6
m7->a11.h0<q>,m2->a15.h1<v>
m2->a9.h0<k>,a9.h2->m14
a4.h0->m12,m7->a9.h2<k>
m12->a13.h6<q>,a18.h4->m18
a1.h5->m17,a10.h0->m25
m8->a9.h1<q>,m14->a19.h2<k>
m6->a21.h3<v>,a8.h3->logits
m8->a16.h0<v>,a13.h0->m16
m0->a9.h4<q>,m5->a13.h3<v>
m5->a10.h0<v>,a3.h1->m6
a5.h4->a7.h2<v>,a0.h3->m19
a0.h2->a1.h5<q>,a5.h7->a15.h3<v>
a9.h2->m15,m1->a4.h2<k>
a1.h4->m7,m0->a5.h3<q>
a0.h2->m11,m6->a14.h6<q>
m6->a13.h0<v>,m2->a21.h7<q>
a3.h2->m17,m2->a9.h2<v>
m14->a23.h0<q>,m6->a10.h1<v>
m6->a21.h5<q>,m8->a11.h2<v>
a2.h5->a3.h0<v>,a2.h5->m21
m8->a10.h0<v>,m2->a7.h1<k>
m1->a2.h4<q>,m0->a4.h5<q>
m1->a21.h3<v>,a0.h2->m18
m2->a9.h2<v>,m3->a7.h7<q>
m10->a25.h3<k>,m3->a8.h2<v>
a23.h6->logits,input->a21.h3<q>
m4->a9.h2<q>,m4->a7.h3<v>
a7.h3->m18,a5.h0->a6.h0<v>
m17->a20.h2<k>,m4->a9.h2<q>
m11->a14.h3<v>,a0.h4->m17
m10->a12.h3<q>,m3->a5.h5<q>
m8->a22.h0<v>,input->a16.h4<q>
m17->a21.h3<q>,a7.h2->m10
a11.h4->m13,m19->a20.h0<k>
m7->a15.h2<k>,m5->a11.h0<v>
m0->a8.h7<q>,m0->a21.h2<q>
a6.h6->a8.h4<q>,input->a7.h0<v>
a13.h0->m15,m8->a18.h4<q>
m13->a21.h3<k>,a7.h2->m8
m10->a25.h3<v>,m15->a20.h1<q>
a2.h3->m6,m7->a25.h3<k>
m0->a10.h6<q>,m6->a25.h3<k>
m6->a18.h7<q>,m2->a12.h2<q>
a4.h5->m14,m14->a16.h1<k>
m4->a9.h3<v>,m6->a21.h3<q>
m1->a6.h1<q>,m4->a10.h3<q>
m10->a18.h7<q>,a1.h0->a2.h3<v>
a0.h4->m9,m1->a12.h2<q>
a4.h6->m4,m13->a14.h1<v>
m7->a23.h0<v>,m2->a5.h2<k>
m6->a7.h3<q>,a9.h1->m12
m13->a19.h5<q>,input->a14.h1<k>
m10->a15.h6<q>,a9.h1->m13
m0->a10.h2<q>,m0->a13.h2<q>
m0->a11.h1<v>,m0->a5.h5<q>
m11->a20.h6<q>,m11->a21.h1<k>
a7.h3->m25,a0.h2->a2.h1<v>
a3.h0->a4.h0<q>,m18->a21.h3<k>
m12->a13.h2<q>,m12->a16.h3<q>
m7->a9.h3<v>,a4.h6->m19
a6.h6->m20,a4.h1->m8
a11.h2->m19,a0.h0->a2.h2<v>
m10->a25.h6<q>,m2->m23
a14.h6->m23,m2->a13.h2<v>
m14->a17.h2<v>,a12.h6->m19
m7->a9.h0<k>,m0->a21.h1<k>
m20->a24.h0<k>,m1->a5.h1<q>
m10->a13.h1<k>,m10->a13.h3<v>
m1->a8.h7<q>,a3.h7->a5.h2<v>
a10.h3->logits,m2->a5.h3<q>
m13->a18.h4<q>,a3.h7->m8
m1->a15.h4<q>,input->a13.h1<k>
m0->a24.h0<v>,a14.h6->a18.h1<q>
a5.h7->m25,a9.h5->logits
a0.h3->m15,m19->a25.h7<q>
a6.h1->m9,a0.h3->m17
m1->a11.h4<q>,m11->a20.h6<q>
a2.h5->m13,m7->a18.h1<q>
a19.h6->m21,m1->a8.h6<q>
a2.h5->m15,a6.h5->m14
a2.h5->m8,a0.h2->a2.h6<q>
input->a14.h1<k>,a3.h0->m11
m17->a25.h3<k>,m5->a25.h7<q>
m5->a8.h2<v>,m7->a14.h2<v>
a0.h3->m13,a6.h5->m8
m0->a25.h0<q>,m13->a21.h5<q>
m5->a19.h6<q>,m1->a25.h3<q>
m7->a11.h7<q>,a2.h6->m5
a2.h0->a3.h3<v>,a0.h0->a4.h2<v>
m16->a22.h0<k>,m18->a23.h6<q>
m1->a21.h1<k>,m14->a21.h3<v>
m0->a5.h1<k>,a0.h4->m25
a2.h5->a5.h2<v>,input->a16.h2<v>
m12->a19.h4<q>,a10.h6->logits
m9->a14.h3<q>,m1->a4.h1<v>
m1->a7.h0<k>,m17->a18.h7<q>
a0.h7->m2,m0->a25.h3<k>
a9.h3->m16,m5->a19.h6<q>
a6.h5->m11,m3->m12
input->a10.h5<q>,a4.h6->logits
m13->a14.h1<v>,m9->a10.h6<q>
m17->a23.h0<v>,m12->a21.h3<q>
m2->a5.h5<q>,a8.h5->m22
m1->m14,a11.h2->m12
m4->a7.h0<v>,input->a23.h4<q>
m2->a15.h3<k>,m16->a17.h1<v>
a17.h6->m25,a16.h3->m25
a6.h5->logits,a2.h0->m4
m14->a19.h7<q>,m1->a7.h2<v>
a0.h0->a2.h6<q>,m5->a15.h2<v>
m0->a23.h6<q>,a11.h4->a21.h6<q>
m0->a1.h0<v>,a3.h1->m5
a1.h2->logits,a1.h0->m12
a0.h2->a6.h0<v>,m18->a25.h0<v>
a6.h7->m18,m11->a15.h7<q>
a3.h2->a6.h0<v>,a1.h1->m12
a5.h0->a15.h3<v>,m1->a25.h0<q>
a4.h5->a8.h4<q>,m8->m24
a9.h3->a19.h6<q>,m12->a14.h2<v>
a4.h5->m25,input->a21.h0<v>
input->a20.h3<v>,m11->a25.h3<k>
a11.h5->logits,m3->a13.h0<v>
a4.h5->a5.h6<q>,a3.h1->a5.h2<v>
a2.h0->m8,m12->a23.h1<v>
a0.h2->a8.h1<v>,m0->a12.h3<q>
m0->a9.h3<v>,a11.h5->a13.h0<v>
m0->a22.h1<q>,a11.h6->m11
a3.h0->m11,m11->a12.h6<q>
m1->a24.h1<k>,a1.h5->m1
a6.h0->m15,m4->a12.h3<q>
a12.h7->m21,a5.h0->m20
a14.h5->m16,a2.h5->m20
a18.h1->logits,m3->a6.h7<q>
a0.h5->m11,a0.h2->a10.h0<v>
m1->a15.h3<k>,a5.h4->m15
m3->a13.h1<q>,m4->a11.h4<q>
m9->a10.h2<q>,m2->a16.h3<q>
a5.h0->m10,m0->a8.h1<q>
a0.h0->a1.h2<q>,m17->a18.h0<v>
m0->a16.h1<k>,a7.h4->a9.h1<k>
m1->a13.h0<q>,a3.h2->m17
a5.h0->m19,m3->a5.h1<q>
a2.h7->a6.h0<v>,a4.h0->m12
a12.h7->a15.h3<v>,a4.h7->m4
m9->a13.h2<v>,m1->a2.h0<q>
m7->a10.h4<q>,m4->a11.h3<k>
a4.h5->a19.h2<v>,a2.h5->a5.h7<q>
a3.h7->a5.h2<v>,m20->a21.h3<v>
a13.h0->m20,m11->a12.h7<q>
m12->m13,m14->a15.h1<v>
m8->a19.h6<q>,m3->a15.h5<q>
m18->a20.h3<v>,m2->a21.h6<q>
m2->a11.h3<v>,m15->a16.h0<v>
m16->a19.h5<q>,a0.h2->a5.h7<q>
m0->a21.h1<k>,a1.h0->m6
a0.h7->m7,a1.h0->m16
m13->a21.h0<v>,a6.h7->m19
m7->a15.h1<v>,a1.h2->m4
m0->a13.h7<q>,a3.h5->logits
a0.h2->a2.h0<q>,m13->a23.h7<q>
m8->a10.h1<v>,a0.h2->a1.h0<q>
m4->a24.h2<v>,a1.h1->a7.h1<v>
m5->a13.h1<q>,m4->a10.h6<q>
input->a11.h3<q>,a5.h1->m6
m9->a21.h3<q>,m0->a13.h7<q>
a0.h3->m10,m18->a20.h3<v>
m5->a13.h2<k>,m19->a24.h1<v>
m5->a21.h3<q>,a4.h1->m5
m0->a16.h1<q>,a8.h5->a25.h6<q>
m6->a21.h2<q>,m8->a18.h0<k>
m3->a22.h0<k>,a6.h0->m25
a2.h0->m10,m8->a9.h0<k>
m23->a25.h3<v>,m2->a18.h0<q>
a3.h4->m6,a15.h6->a18.h1<q>
a11.h5->a13.h0<v>,m5->a14.h6<q>
m0->a8.h0<q>,a14.h6->m23
a15.h6->m19,m22->a23.h2<v>
m5->a20.h3<k>,m8->a9.h3<v>
m9->a12.h4<q>,a7.h4->a24.h2<v>
m17->a19.h2<k>,input->a0.h3<v>
m8->a11.h1<k>,m1->a10.h0<q>
m1->a21.h1<v>,a5.h4->m13
m4->a15.h1<v>,m11->a13.h2<v>
a14.h6->logits,m2->a25.h7<q>
a1.h3->m13,a18.h4->m20
m3->a13.h0<q>,m3->a9.h5<q>
m15->a22.h1<q>,a2.h5->m15
m4->a16.h1<v>,a23.h6->m25
m17->a18.h3<q>,m5->a23.h0<v>
a6.h7->m19,m14->a18.h4<q>
a4.h5->a8.h5<q>,m5->a16.h0<v>
m4->a5.h4<q>,m7->a18.h4<q>
m2->a18.h0<q>,m0->a13.h0<q>
m14->a21.h6<q>,m13->a18.h6<q>
m0->a13.h0<q>,m6->a9.h3<k>
a1.h1->m5,a0.h2->a25.h0<q>
m19->a21.h1<k>,m10->a19.h4<q>
a0.h2->a10.h0<v>,a11.h5->m24
m3->a7.h5<q>,a14.h5->m16
a2.h2->m7,m17->a21.h1<v>
input->a2.h1<k>,m0->a4.h4<q>
a6.h6->m19,m5->a16.h3<q>
m5->a15.h1<q>,m4->a7.h5<q>
m0->a12.h2<q>,a5.h0->m13
a10.h7->m15,m18->a25.h3<k>
m5->a15.h2<v>,m14->a20.h4<q>
m2->a9.h1<k>,m14->a18.h0<k>
m20->a23.h1<v>,m19->a20.h3<v>
m1->a12.h3<q>,a14.h6->logits
a8.h3->m18,a14.h4->m15
m11->a22.h0<v>,m11->a24.h0<v>
m2->a11.h7<q>,m5->a7.h4<q>
a8.h5->a19.h5<q>,m12->a19.h5<q>
m4->a13.h0<q>,a1.h5->m5
m2->a19.h6<q>,m23->a25.h4<q>
a2.h5->a19.h2<v>,m5->m23
m3->m20,m0->a21.h7<q>
m12->a19.h3<k>,m16->a17.h3<q>
a0.h2->a6.h2<q>,a7.h4->m8
m13->a16.h1<k>,a3.h0->m12
a3.h1->m5,a5.h0->a15.h3<v>
m15->a20.h3<v>,m1->a9.h4<q>
a1.h1->m25,m1->a6.h3<k>
a7.h5->m11,m15->a23.h6<q>
m18->a19.h5<q>,m0->a5.h2<k>
a11.h5->m14,m10->a12.h3<q>
m6->a25.h6<q>,m12->a24.h1<v>
a6.h0->m21,m16->a20.h1<q>
a4.h6->m16,m8->a9.h0<q>
m8->a13.h0<q>,a2.h7->logits
a8.h5->m22,m8->a13.h2<q>
m20->m22,m11->a15.h1<q>
a6.h6->a8.h5<q>,m10->a13.h0<k>
m1->a13.h7<q>,m16->a20.h0<k>
a1.h7->m4,a14.h3->m18
a2.h5->a7.h1<k>,a22.h1->m25
a8.h4->m11,m5->a20.h3<k>
m23->a25.h0<v>,m13->a19.h3<q>
m4->a7.h5<q>,m0->a16.h1<q>
a4.h5->a6.h2<v>,a3.h5->m4
a7.h4->a25.h3<v>,m4->a14.h1<v>
m12->a20.h6<q>,m12->a13.h1<v>
m6->m11,input->a15.h0<k>
m1->a16.h3<q>,a8.h3->m8
m4->a14.h1<v>,m0->a7.h1<k>
m12->a24.h0<v>,m18->a25.h1<q>
m6->a12.h2<q>,a1.h0->a5.h3<v>
m3->logits,a5.h0->m8
a2.h4->m7,m12->a16.h2<v>
a4.h6->a7.h3<q>,m16->a23.h0<v>
a11.h2->m16,m9->a13.h2<q>
m3->a5.h0<q>,m12->a15.h6<q>
a1.h1->a4.h2<v>,m1->a7.h3<v>
a11.h2->m21,m4->a13.h2<v>
m1->m16,m0->a14.h7<q>
m8->a21.h7<q>,a8.h5->a25.h3<v>
a2.h5->a8.h4<q>,a0.h2->a8.h1<v>
a3.h1->m4,a1.h3->m25
m9->a14.h6<q>,m1->a11.h2<v>
a8.h3->m17,a3.h1->m4
a1.h1->logits,a6.h5->m18
m6->a10.h6<q>,m1->a9.h2<v>
a5.h4->a7.h3<q>,m0->a9.h4<q>
m3->a13.h1<k>,m3->a7.h3<v>
m6->a18.h0<q>,a10.h2->m14
input->a13.h1<q>,m2->a3.h2<k>
m8->a10.h0<q>,a19.h4->m24
a0.h5->m19,a8.h5->a20.h3<v>
m6->a15.h7<q>,m2->a17.h3<v>
a15.h6->m22,a4.h5->m14
m6->a14.h6<q>,a0.h3->a3.h1<v>
a2.h0->m19,a3.h1->m8
a0.h4->m3,a2.h5->m14
m10->a11.h3<q>,a6.h6->a7.h2<v>
m11->m24,a0.h2->a24.h2<q>
m9->a16.h1<k>,a8.h5->a9.h2<q>
m4->m23,m7->a21.h6<q>
m7->a8.h5<q>,m8->a10.h3<q>
m2->a6.h6<q>,m0->a10.h3<q>
a4.h1->m18,a11.h2->m19
m2->a4.h2<k>,m9->a10.h2<k>
m4->a25.h7<q>,m21->a22.h0<k>
a2.h5->a8.h1<v>,m2->a20.h4<q>
m14->a21.h3<q>,a5.h4->m12
m16->a18.h5<q>,m2->a13.h1<v>
m13->a20.h6<q>,a1.h3->a5.h2<v>
a1.h7->m2,a1.h5->a7.h2<v>
m0->m9,m7->a12.h3<v>
m18->a23.h1<v>,input->a15.h1<v>
m10->a15.h5<q>,a7.h5->m18
a16.h2->m21,m10->a13.h1<k>
a8.h2->m13,a13.h0->m17
m14->a18.h0<k>,m1->a3.h3<k>
a3.h0->m4,input->a1.h3<v>
a6.h1->m12,m0->a20.h1<q>
a8.h3->m8,m0->a15.h1<k>
a4.h5->a9.h1<k>,m17->a19.h4<q>
m16->a21.h7<q>,m9->a11.h0<q>
a0.h2->a4.h7<q>,a2.h3->m6
m7->a8.h1<k>,m3->a15.h2<q>
a11.h4->m23,m12->a21.h0<v>
m1->a5.h3<q>,m5->a21.h3<q>
m8->a11.h2<k>,a0.h7->m7
a6.h5->m14,a6.h5->m19
a0.h4->m7,m16->a24.h2<q>
m10->a14.h1<v>,a0.h2->a3.h3<v>
m5->a9.h1<q>,a8.h7->m10
a5.h0->m18,m6->a9.h5<q>
m11->a16.h0<v>,m6->a8.h7<q>
a4.h5->a5.h1<q>,a1.h3->m6
m15->a16.h3<q>,m20->a22.h0<v>
m5->a14.h6<q>,a0.h3->m1
m18->a22.h2<v>,m18->a25.h2<q>
m14->a21.h7<q>,m1->a20.h3<k>
a11.h4->m19,a2.h3->m5
a3.h5->logits,m17->a22.h1<q>
a2.h6->logits,m0->a4.h7<q>
a0.h2->a8.h3<q>,a14.h6->a15.h2<q>
input->a10.h3<v>,m10->a14.h6<q>
a1.h6->m2,m23->a25.h2<q>
m2->a19.h3<v>,a15.h6->logits
a7.h4->a19.h6<q>,m7->a10.h0<q>
m7->a9.h1<q>,m12->a20.h6<q>
m3->a6.h3<k>,a1.h5->m12
a4.h0->a7.h2<v>,a0.h0->m8
m16->a17.h3<v>,m5->a12.h3<v>
a6.h5->m19,m0->a10.h1<k>
a6.h0->a25.h3<v>,m11->a19.h7<q>
m7->a14.h1<v>,m14->a22.h2<v>
m1->a24.h0<k>,m6->a22.h2<v>
a6.h6->a7.h0<q>,m10->a18.h0<q>
a6.h7->a7.h0<k>,m9->a15.h5<q>
m4->a6.h1<q>,a4.h5->m16
a19.h5->logits,m20->a25.h3<k>
m16->a17.h1<v>,m4->a10.h0<q>
m1->a11.h1<k>,m7->a10.h3<q>
m2->a9.h3<v>,a1.h1->a7.h2<v>
m16->a21.h3<q>,input->a10.h5<q>
a4.h2->m17,a11.h4->a18.h1<q>
a7.h0->m9,m14->a22.h3<q>
m20->a21.h1<k>,a4.h0->m8
a11.h5->m19,m5->a6.h2<v>
m7->a24.h0<v>,a6.h6->m19
a7.h4->a9.h1<v>,m22->a23.h0<q>
a16.h3->m21,a14.h6->a15.h5<q>
input->a20.h2<v>,a5.h4->m16
a6.h7->a7.h7<q>,m14->m17
m5->a13.h0<k>,m3->a21.h3<v>
m2->a13.h2<q>,m18->a19.h2<k>
m12->a21.h6<q>,a1.h1->m25
a3.h1->logits,a4.h6->a8.h1<v>
m7->a24.h0<k>,m14->a20.h6<q>
m0->a11.h2<k>,m16->a21.h3<q>
a8.h2->m11,a4.h3->m7
a0.h0->m14,m17->a21.h5<q>
a4.h6->a8.h1<v>,input->a13.h3<q>
m0->a11.h3<q>,a1.h1->a6.h3<v>
a14.h5->logits,m17->a24.h0<q>
m11->a18.h0<v>,m14->a18.h2<k>
a10.h2->m17,a11.h5->m14
a1.h4->m8,m17->a23.h6<q>
m13->a14.h7<q>,m6->a12.h1<k>
m19->a24.h1<v>,m1->a13.h5<q>
m6->a24.h2<v>,a12.h7->m18
m5->a20.h6<q>,a0.h3->m11
input->a7.h1<v>,a12.h2->m19
m5->a24.h0<q>,m20->a24.h0<v>
m3->m22,a2.h5->a7.h1<k>
a2.h6->m11,m9->a22.h0<v>
m8->a25.h3<k>,a4.h5->a19.h6<q>
m2->m11,m13->a18.h2<v>
m6->a25.h7<q>,a6.h5->m13
m18->a21.h6<q>,m20->a24.h2<q>
input->a25.h0<k>,a8.h7->logits
m1->a9.h1<q>,a4.h5->a19.h2<v>
input->a3.h2<k>,a8.h5->a9.h6<q>
input->a22.h0<k>,m13->a25.h3<k>
m3->a5.h3<k>,a7.h0->m7
a0.h3->m17,m5->a19.h5<q>
a5.h4->a7.h1<k>,m2->a15.h3<k>
a1.h1->a3.h7<q>,m2->a6.h2<k>
a13.h0->m17,a4.h5->a8.h5<q>
a12.h6->m12,a24.h2->logits
a6.h6->a7.h2<v>,m3->a13.h0<q>
a1.h5->m16,m14->a21.h3<k>
m21->a23.h0<v>,m6->a23.h0<v>
m1->a10.h4<q>,a4.h2->m9
m3->a8.h2<k>,m18->a20.h0<v>
m15->a16.h7<q>,m12->a20.h2<k>
m18->a23.h6<q>,a0.h2->a11.h0<q>
m3->a4.h3<k>,m4->a23.h0<v>
m4->a8.h6<q>,a19.h4->m22
m5->a9.h3<q>,m7->a11.h7<q>
a0.h5->a1.h2<q>,m5->a10.h0<v>
a2.h5->a6.h2<v>,a13.h0->m21
m9->a14.h2<k>,a6.h6->a7.h0<q>
m4->a12.h2<q>,a2.h1->m4
input->a21.h5<q>,a5.h6->m16
m18->a25.h1<q>,a6.h0->a8.h5<q>
a8.h5->a18.h1<q>,a9.h3->m16
m4->a9.h3<k>,m1->a17.h3<v>
m0->a25.h4<q>,m0->a23.h5<q>
input->a22.h4<q>,m22->a24.h1<k>
m2->a10.h3<q>,m1->a6.h3<v>
m14->a20.h6<q>,m1->a4.h5<q>
m12->a21.h3<q>,m0->a16.h7<q>
m5->a20.h2<k>,a22.h4->m25
a2.h0->m21,a4.h0->a15.h3<v>
m5->a11.h0<q>,m18->a21.h1<q>
a7.h0->m7,m8->a20.h6<q>
m0->a25.h3<q>,a4.h5->a6.h2<v>
a6.h6->a7.h2<q>,m6->a18.h2<v>
m11->a19.h3<k>,a0.h0->a1.h2<q>
m4->a12.h3<v>,a0.h0->a2.h6<q>
m10->a17.h3<v>,m15->a20.h3<v>
m11->a16.h2<q>,m5->a19.h7<q>
a0.h2->m8,a4.h5->logits
input->a15.h0<v>,m11->a12.h1<k>
m20->a23.h0<k>,a8.h3->m17
m0->a9.h0<k>,a3.h0->m15
a11.h4->a19.h6<q>,input->a10.h7<q>
a5.h0->m20,m2->a21.h3<k>
m6->a11.h2<v>,m10->a15.h6<q>
a12.h2->logits,a2.h5->a7.h2<v>
a2.h5->m9,a4.h6->m16
a2.h5->m19,input->a17.h4<q>
m14->a18.h1<v>,m6->a8.h5<q>
a4.h5->m12,a0.h4->a4.h2<v>
a4.h3->m18,m1->a5.h0<q>
m18->a24.h0<v>,m2->a15.h1<q>
m4->a8.h7<q>,m6->a8.h6<q>
a16.h3->m25,a3.h0->m9
a14.h4->m17,a3.h1->logits
input->a19.h1<v>,a6.h0->a7.h2<q>
m3->a5.h2<q>,input->a23.h0<v>
m0->a6.h6<q>,a8.h2->m13
a4.h1->m17,m10->a16.h0<v>
a2.h5->m14,m7->a14.h2<q>
a5.h4->a7.h1<v>,a0.h5->m16
m2->a15.h4<q>,a0.h3->a2.h3<v>
a4.h2->a5.h2<v>,m11->a13.h1<k>
m4->a10.h3<q>,m18->a24.h1<k>
a12.h7->m17,a10.h6->m25
a0.h5->a1.h3<q>,a14.h6->m24
input->a15.h2<v>,a15.h6->m22
m3->a6.h0<v>,m1->a7.h4<q>
m9->a13.h3<v>,a13.h0->m24
m1->a22.h0<k>,m20->a25.h0<q>
m18->a21.h1<q>,m5->a20.h6<q>
m10->a19.h4<q>,m0->a18.h0<q>
a0.h4->m17,a4.h2->m18
a3.h3->a4.h0<q>,a5.h6->m7
input->a14.h1<v>,m16->a19.h3<k>
m4->a14.h2<k>,m1->a12.h3<q>
m1->a10.h0<q>,m19->a25.h6<q>
m12->a20.h2<k>,m0->a18.h7<q>
m7->a13.h1<q>,a4.h5->m5
m5->m22,m8->a23.h0<v>
m1->a13.h2<k>,m7->a13.h0<v>
m0->a1.h0<k>,a2.h7->a4.h2<v>
m0->a8.h1<q>,a2.h7->a6.h0<v>
a11.h1->m12,a6.h7->m8
m13->a20.h3<k>,m4->a9.h1<q>
a1.h1->m20,m1->a11.h0<q>
a11.h7->m14,m13->a15.h1<v>
m8->a11.h0<k>,m21->a24.h1<v>
a1.h4->m2,m7->a15.h2<k>
a6.h6->a8.h3<q>,a15.h6->m19
m22->a25.h0<v>,m17->a25.h6<q>
m16->a20.h0<k>,m17->a24.h2<q>
a5.h4->m9,m1->a6.h5<q>
m3->a19.h6<q>,a3.h3->m17
a18.h4->m20,m19->a25.h2<v>
a0.h5->m7,m8->a13.h0<q>
a12.h6->a24.h2<v>,a7.h5->m20
a6.h5->m13,a0.h2->a5.h6<q>
m5->a9.h7<q>,a9.h0->m12
a2.h0->a4.h1<q>,m14->a23.h0<q>
m7->a14.h3<q>,m4->a16.h0<v>
input->a7.h3<v>,a8.h5->a12.h3<v>
m9->a22.h0<v>,m5->a13.h2<k>
m7->a18.h0<v>,m6->a9.h7<q>
m10->a12.h1<k>,a7.h5->m19
m8->a18.h4<q>,a11.h1->a15.h3<v>
m9->a11.h1<k>,a5.h0->m19
m0->a14.h2<k>,m1->a21.h1<v>
m17->a19.h5<q>,m3->a13.h1<q>
a10.h0->m25,m11->a21.h5<q>
input->a22.h2<v>,input->a14.h1<v>
a5.h7->m7,m19->a21.h0<v>
m7->a18.h4<q>,a0.h5->m11
m5->a9.h3<v>,m0->a8.h7<q>
a4.h0->a15.h3<v>,a5.h7->m6
m0->a15.h3<q>,m2->m24
m7->a19.h5<q>,a0.h2->a2.h5<q>
m2->m19,a14.h4->m17
m6->a21.h1<k>,a8.h2->m11
m4->a7.h7<q>,a9.h3->m20
m6->a23.h0<v>,m4->a7.h1<q>
m9->a14.h5<q>,m3->a9.h0<k>
m11->m20,m22->a23.h0<v>
a0.h3->a2.h2<v>,a10.h3->logits
a3.h0->m14,a0.h2->a8.h3<q>
m9->a10.h3<k>,m16->a19.h5<q>
a0.h5->a6.h0<v>,m10->a15.h2<q>
m6->a8.h1<v>,m22->a25.h7<q>
a4.h0->m13,a6.h0->m17
a24.h2->logits,m11->a20.h0<v>
m2->a21.h3<k>,a9.h3->a19.h3<v>
m8->a18.h7<q>,a6.h5->m11
m20->a25.h4<q>,m7->a20.h4<q>
m17->a21.h1<k>,m3->a15.h3<v>
a7.h5->m21,a10.h0->m19
m5->a23.h0<v>,m0->a11.h1<v>
a0.h6->m4,m23->a25.h1<v>
a16.h3->a18.h1<q>,a9.h3->m21
m6->a10.h0<k>,m7->a18.h0<v>
m2->a23.h0<k>,m11->a18.h1<v>
a6.h6->m13,m0->a9.h7<q>
a12.h2->m17,a9.h3->a20.h3<v>
a7.h5->a8.h1<v>,a7.h0->m9
m10->a19.h7<q>,m5->a19.h2<v>
m7->a17.h3<v>,a12.h3->m17
m4->a21.h3<v>,a2.h0->a5.h6<q>
a0.h2->m12,m8->a25.h3<v>
m11->a12.h4<q>,a14.h7->m14
m6->a13.h3<q>,a10.h2->m12
m16->a19.h2<k>,m11->a13.h1<q>
m1->a11.h2<k>,m0->a24.h0<v>
m17->a24.h1<v>,m14->a23.h0<v>
m6->a19.h3<k>,a5.h2->a7.h1<v>
m5->a12.h1<v>,m7->a12.h1<v>
a6.h7->a8.h4<q>,m0->a17.h7<q>
m3->a9.h2<v>,m10->a14.h1<v>
a1.h5->a4.h6<q>,a19.h6->m20
m2->a15.h2<v>,m2->a14.h3<q>
m7->a8.h6<q>,m3->a13.h2<q>
m1->a20.h1<q>,a4.h1->m17
m15->a21.h2<v>,m2->m4
a0.h0->m23,m7->a23.h7<q>
a3.h3->m10,m6->a22.h1<q>
a0.h4->m13,a5.h4->m9
m8->a15.h7<q>,a8.h5->a9.h1<q>
m0->a14.h4<q>,m5->a24.h0<q>
a2.h7->a4.h0<q>,m13->a22.h1<q>
a10.h2->m14,m6->a12.h4<q>
a10.h0->a19.h6<q>,m6->a21.h5<q>
m7->a11.h2<k>,m4->a12.h2<q>
a4.h3->m15,m2->a16.h0<v>
m11->a15.h4<q>,m22->a24.h1<q>
a2.h6->m8,m16->a25.h3<k>
m16->a24.h0<k>,m15->a16.h7<q>
a0.h0->a18.h1<q>,m6->a14.h2<v>
m15->a18.h0<q>,m13->a24.h0<k>
m6->a20.h1<q>,m11->a13.h7<q>
m9->a10.h2<k>,a1.h4->m2
m6->a12.h3<v>,m17->m22
a7.h5->m14,m10->a11.h4<q>
m12->a14.h2<q>,m0->a15.h1<q>
m14->a24.h0<k>,a1.h0->a6.h0<v>
m17->a24.h0<q>,m1->a13.h7<q>
m1->a15.h2<q>,m5->a20.h1<q>
m5->a10.h7<q>,m17->a21.h1<k>
m11->a19.h2<k>,m10->a24.h0<k>
a15.h6->m18,m12->a13.h6<q>
m5->a22.h1<q>,m0->a12.h1<k>
a3.h0->logits,a3.h2->a6.h0<v>
a4.h5->m15,a12.h6->a13.h0<v>
m7->a11.h3<v>,m2->a13.h3<v>
a19.h4->m19,m2->a15.h2<v>
a2.h6->m5,a0.h5->a5.h2<v>
a0.h3->a3.h1<v>,a19.h6->m25
m19->a20.h4<q>,a0.h5->m7
a4.h2->m8,m14->a16.h3<q>
m1->a5.h2<k>,input->a8.h0<k>
m2->a13.h2<v>,m16->a17.h2<v>
m6->a7.h1<q>,m13->a21.h3<k>
m12->a18.h7<q>,a9.h2->a11.h2<v>
input->a6.h0<q>,a9.h5->m12
m0->a10.h2<k>,m16->a18.h5<q>
m7->a13.h3<q>,a0.h2->a4.h3<v>
m5->a24.h1<k>,m9->a13.h0<v>
a8.h5->a18.h0<k>,m0->a11.h3<k>
m1->a8.h0<q>,m1->a9.h1<q>
a9.h2->m14,a11.h4->m18
m17->a24.h2<q>,m7->a9.h2<q>
a12.h3->m17,a1.h3->m5
m8->a20.h6<q>,m14->a18.h1<q>
a7.h4->a25.h7<q>,m1->a2.h2<k>
a5.h0->a6.h0<v>,a5.h4->m20
a1.h3->m10,a2.h0->a3.h3<v>
a14.h6->a24.h2<v>,a12.h4->m19
m0->a14.h3<v>,m6->a11.h3<q>
a7.h4->a8.h4<q>,a8.h5->a18.h1<q>
a23.h6->m25,m3->a5.h6<q>
m19->a21.h5<q>,m9->a16.h2<v>
m15->a20.h2<k>,m4->a5.h5<q>
m6->a8.h1<k>,m1->a14.h1<v>
a0.h0->m13,a0.h5->a1.h3<q>
a6.h0->a21.h7<q>,m13->a19.h7<q>
m11->a22.h0<k>,m1->a3.h2<v>
a16.h2->m20,a16.h3->a18.h1<q>
a1.h1->a19.h6<q>,m0->a15.h6<q>
a3.h4->m10,m0->a12.h1<q>
m23->a25.h3<q>,m10->a14.h2<k>
m0->a7.h3<v>,m0->a8.h0<k>
a0.h7->m0,m2->a19.h6<q>
m0->a12.h4<q>,m2->a19.h2<k>
m14->a25.h3<k>,a4.h3->m18
m13->a24.h1<k>,a8.h5->a18.h0<k>
a6.h0->a8.h5<q>,m1->a19.h2<k>
input->a20.h1<k>,m1->m13
m0->a13.h2<k>,m3->a19.h6<q>
a4.h3->m10,m1->a5.h4<q>
m8->a24.h2<v>,m6->a13.h3<v>
m0->a9.h5<q>,a13.h0->m15
m18->a21.h2<q>,m11->a14.h3<q>
a14.h4->m15,m10->a12.h1<k>
a0.h4->m1,m20->a21.h6<q>
a5.h1->m14,a5.h0->a7.h1<v>
m13->a17.h6<q>,a1.h2->logits
a9.h5->logits,a2.h1->m8
a1.h5->a2.h0<q>,m6->a12.h1<v>
a0.h2->a11.h0<q>,m11->a15.h4<q>
m1->a21.h2<q>,m15->a17.h6<q>
m5->a18.h4<q>,m7->a12.h4<q>
a1.h5->m1,m10->a21.h1<k>
m0->a16.h7<q>,a8.h1->m16
input->a16.h0<v>,a12.h6->m23
m11->a25.h6<q>,m1->a2.h0<v>
m0->a11.h0<k>,m16->a21.h7<q>
a0.h5->a5.h2<v>,a6.h6->m13
m0->a19.h2<k>,input->a20.h2<v>
a6.h0->a8.h4<q>,a0.h3->m23
m4->a11.h3<k>,a10.h2->m21
a1.h4->m1,m1->a2.h1<q>
a4.h0->m19,m6->a11.h3<v>
m0->a18.h0<q>,a7.h3->a8.h5<q>
a0.h2->a8.h4<q>,a3.h3->m12
a6.h5->m18,m1->a9.h0<k>
m17->a18.h1<v>,m0->a7.h3<q>
a8.h1->m16,m0->a19.h5<q>
m17->a21.h7<q>,m8->a19.h4<q>
m11->a21.h5<q>,input->a23.h2<v>
a15.h6->m24,m6->a19.h5<q>
m4->a12.h3<q>,m17->a20.h1<q>
m7->a10.h3<q>,a6.h0->m10
a4.h3->a6.h0<v>,m20->a21.h1<v>
a0.h2->a4.h3<v>,a1.h5->m16
a8.h5->a20.h3<v>,m10->a19.h7<q>
m16->a19.h2<v>,a10.h2->m24
a3.h2->m10,m11->m23
m5->a11.h0<k>,a4.h6->a7.h3<q>
m1->a5.h5<q>,a4.h1->m18
m2->a21.h3<q>,m7->a13.h1<q>
m1->a6.h2<k>,a14.h2->m18
a4.h1->m13,a4.h0->a7.h2<v>
m0->a1.h3<v>,a9.h2->m13
m13->a14.h3<q>,a0.h2->a25.h3<q>
m11->a13.h2<k>,m24->a25.h3<k>
m2->a11.h3<q>,m4->a9.h5<q>
m7->a21.h3<k>,a0.h0->a18.h1<q>
m6->a12.h1<k>,m8->a12.h1<q>
m15->a24.h2<v>,a13.h0->m20
m1->a24.h1<v>,m7->a21.h5<q>
m14->a25.h0<v>,a8.h4->m20
a6.h0->m25,m4->a25.h6<q>
m11->a12.h3<q>,a2.h0->m8
m18->a24.h1<v>,m7->a15.h2<q>
m5->m20,a3.h7->a7.h2<v>
m14->a15.h4<q>,input->a3.h2<k>
m7->a8.h1<q>,a6.h0->a12.h3<v>
m9->a21.h1<k>,m8->m23
m7->a10.h0<v>,a8.h5->a18.h7<q>
a2.h2->m5,m1->a13.h4<q>
m0->a11.h6<q>,m5->a18.h4<q>
a5.h7->a6.h0<v>,a3.h2->m14
m6->a18.h2<v>,m11->a22.h6<q>
m5->a13.h1<v>,a0.h5->a7.h2<v>
a7.h0->m11,a24.h2->m25
a1.h2->m1,m19->a20.h2<v>
m2->a4.h4<q>,a11.h7->m19
a10.h6->logits,m16->a17.h6<q>
m5->m25,a13.h1->m16
a6.h6->a7.h7<q>,m6->a7.h0<k>
a0.h2->a7.h4<q>,m9->a12.h2<v>
a3.h7->a7.h2<v>,a3.h7->m3
m12->a24.h2<q>,a4.h5->a8.h4<q>
m2->a3.h2<k>,a3.h5->a6.h0<v>
a6.h0->m12,a1.h7->m4
m13->a21.h6<q>,a1.h5->m3
m6->a14.h3<q>,a4.h0->a7.h1<v>
m14->a16.h0<v>,m14->a22.h0<k>
m14->a24.h2<q>,a8.h4->a9.h1<v>
a10.h3->m13,a14.h5->m21
a20.h4->logits,m3->a9.h6<q>
m6->a7.h0<k>,m4->a25.h7<q>
a4.h5->m20,m5->a15.h1<v>
m9->a10.h4<q>,m2->a15.h6<q>
m11->a19.h2<q>,a6.h0->a7.h5<q>
a10.h6->m25,a4.h2->m14
a9.h4->m9,m6->a8.h1<q>
a3.h4->m7,a10.h6->m19
m0->a19.h1<v>,m3->a13.h1<k>
m2->a10.h3<v>,m17->a20.h4<q>
m14->a16.h1<k>,m16->a17.h3<k>
a0.h4->m25,m13->a17.h0<q>
m5->a9.h3<k>,a0.h3->a4.h2<v>
a11.h1->m15,a4.h5->a5.h3<k>
a4.h1->a5.h2<v>,a1.h3->m13
m1->a11.h6<q>,m18->a25.h4<q>
m14->a15.h2<k>,m0->a23.h0<v>
m1->a19.h2<k>,input->a9.h3<k>
m20->a21.h2<q>,m11->a12.h3<q>
a24.h2->m25,a7.h7->m14
m4->a7.h4<q>,a7.h0->m11
m4->a16.h2<q>,m8->a18.h2<v>
a0.h0->m8,m2->a4.h2<q>
m1->a11.h0<q>,m1->a15.h2<v>
a9.h3->logits,m16->a23.h0<q>
a11.h5->m20,m12->a14.h3<q>
a6.h7->a11.h2<v>,m11->a15.h3<k>
a0.h5->a4.h3<q>,a5.h2->m6
m8->a19.h2<v>,a13.h0->m13
a6.h5->m17,m4->a14.h3<v>
m10->a21.h3<q>,a11.h2->m21
m1->a6.h5<q>,m0->a14.h3<v>
m0->a18.h7<q>,m19->a21.h1<v>
a8.h5->a22.h1<q>,m5->a14.h3<v>
m8->a12.h1<q>,m11->a14.h2<k>
m1->a5.h7<q>,a0.h2->a5.h3<q>
m7->a12.h2<v>,a10.h1->m16
a0.h7->logits,m2->a23.h0<k>
input->a17.h4<q>,a6.h7->m18
a4.h5->m23,m17->a18.h0<q>
a7.h5->m19,m6->a11.h3<k>
a11.h1->m19,m12->a20.h0<v>
a11.h3->logits,m4->a15.h2<q>
m12->a16.h1<v>,a1.h3->m17
a0.h0->a19.h6<q>,m11->a15.h1<k>
m13->a14.h1<k>,a4.h3->m5
m3->a11.h4<q>,a3.h3->m7
a0.h0->a5.h2<v>,m14->a20.h1<q>
a5.h4->a7.h0<q>,a5.h4->a7.h1<v>
m6->a7.h3<v>,a19.h6->m21
m13->a15.h5<q>,m9->a16.h1<k>
a0.h3->a7.h1<v>,a22.h4->logits
m1->a12.h3<v>,m11->m16
m4->a5.h2<k>,m4->a12.h2<v>
a2.h5->a5.h0<v>,a5.h7->m14
a0.h2->a5.h0<v>,m3->a10.h0<q>
m4->a20.h1<q>,m0->a16.h2<q>
m12->a14.h2<v>,a6.h0->m21
m0->a2.h1<q>,a7.h4->a25.h3<v>
m1->a14.h1<k>,a23.h1->m25
a2.h4->m6,m13->a14.h1<k>
a11.h5->m15,m2->a8.h2<v>
a6.h0->a7.h2<k>,a11.h1->m19
m16->a18.h0<q>,m1->a18.h0<k>
m3->a11.h3<v>,m12->a23.h6<q>
m16->m24,a3.h4->a4.h2<v>
m7->a23.h6<q>,m0->a24.h5<q>
m2->a19.h3<k>,input->a12.h2<v>
m14->a25.h6<q>,a2.h6->logits
a0.h5->a7.h7<q>,m12->a14.h1<v>
a0.h2->a24.h1<k>,a14.h5->m23
a10.h2->m24,m11->a24.h1<v>
m6->a12.h4<q>,m7->m17
m18->a25.h4<q>,a1.h1->a15.h3<v>
a3.h1->a5.h7<q>,input->a17.h1<v>
m13->a19.h3<k>,a14.h5->m25
a1.h3->m6,input->a17.h5<q>
m13->a19.h3<q>,a4.h5->m25
a2.h1->m9,a0.h0->m23
a7.h4->m23,a6.h2->m6
m10->a18.h0<q>,a4.h1->a5.h2<v>
input->a10.h2<v>,a0.h2->a2.h0<q>
m0->m13,a4.h3->m15
m18->a19.h1<v>,a7.h4->a9.h1<v>
a1.h5->a7.h2<v>,a1.h5->a2.h2<v>
a3.h0->m17,m18->a25.h2<v>
a5.h4->m10,a18.h4->m19
a11.h5->a19.h6<q>,m13->a15.h4<q>
a0.h2->a4.h0<k>,a16.h2->m25
a1.h3->m19,a1.h4->m10
m0->a17.h2<v>,m2->a4.h2<k>
m11->a12.h5<q>,m13->a20.h2<v>
a8.h4->a9.h1<v>,m4->a21.h3<v>
a9.h4->m17,m7->a11.h3<q>
m3->a22.h1<q>,m2->m21
a22.h1->m25,m6->a18.h0<q>
m13->a14.h2<v>,m13->a24.h2<q>
a1.h4->m10,a7.h5->m7
m6->a22.h0<v>,m6->a18.h0<v>
m11->m12,input->a9.h1<k>
a0.h5->m4,a0.h5->a3.h0<v>
m13->a20.h0<v>,m6->a10.h7<q>
m6->a12.h1<v>,m11->a13.h0<q>
a7.h2->m10,input->a20.h0<v>
m3->a8.h4<q>,a3.h4->m7
m5->a8.h5<q>,m10->a25.h3<k>
m10->a19.h3<v>,a4.h6->m15
a4.h5->a5.h3<k>,m8->a12.h2<v>
a0.h0->a4.h3<q>,m3->m20
m11->a24.h1<k>,m1->a21.h2<q>
a0.h0->a3.h1<k>,m5->a24.h0<v>
a4.h1->a5.h7<q>,a5.h7->m11
a11.h4->a18.h1<q>,m8->a14.h5<q>
a0.h2->m20,m11->a15.h2<k>
a3.h2->a7.h1<v>,a7.h3->m10
a8.h5->a18.h7<q>,m18->a24.h2<q>
a11.h4->a25.h6<q>,input->m20
m2->a10.h2<k>,a25.h7->logits
a0.h5->m8,m11->a16.h2<q>
m11->a24.h0<q>,m18->a22.h7<q>
a8.h3->a15.h3<v>,input->a22.h2<v>
a8.h4->m9,m8->a23.h1<v>
a10.h0->a11.h2<v>,a10.h0->a19.h6<q>
a6.h0->m18,a3.h4->m20
m18->a21.h1<k>,a9.h5->m14
m6->a9.h0<k>,m16->a18.h2<v>
a1.h2->m3,input->a18.h0<k>
m11->a13.h0<q>,m11->a18.h6<q>
a18.h4->a19.h6<q>,m20->a22.h0<k>
m6->a16.h2<q>,m2->a14.h6<q>
m5->a6.h6<q>,m18->a22.h1<q>
m4->a13.h3<k>,m0->a3.h2<k>
m7->a14.h2<v>,m1->a6.h2<k>
m0->a25.h0<k>,m19->a25.h0<q>
a5.h1->m7,m0->m19
m8->a13.h2<k>,m13->a17.h2<k>
m8->a18.h1<q>,a6.h6->a8.h5<q>
a13.h0->m24,a1.h4->m7
a7.h7->m14,m13->a14.h5<q>
m12->a15.h7<q>,input->a6.h0<q>
a12.h3->m18,a10.h0->m22
m12->a14.h3<q>,m8->a18.h0<v>
m0->a9.h0<q>,m2->a22.h1<q>
a1.h3->a18.h1<q>,m5->a24.h1<k>
a8.h5->a24.h0<k>,m18->a19.h1<v>
m8->a9.h0<k>,m14->a20.h2<v>
m18->a23.h3<q>,m14->a20.h3<v>
a3.h3->a4.h1<q>,a0.h5->m19
m5->a13.h0<q>,m17->a21.h0<v>
input->a15.h2<k>,m8->a25.h3<k>
a0.h5->m6,a4.h1->a5.h7<q>
a4.h0->m16,m0->a6.h0<k>
m11->a14.h2<v>,a3.h4->m10
m16->a17.h7<q>,m9->a21.h1<k>
a2.h0->a15.h5<q>,m9->a14.h1<v>
a4.h0->a7.h1<v>,m3->a14.h2<v>
a6.h6->a9.h3<q>,m4->a10.h2<q>
m4->a6.h6<q>,a6.h0->m15
a0.h2->a1.h3<q>,a2.h5->a19.h2<v>
m1->a7.h3<v>,m18->a21.h5<q>
a2.h0->a3.h1<k>,a0.h3->a3.h0<v>
a4.h5->a9.h6<q>,a4.h2->m21
a1.h1->a15.h3<v>,m1->a13.h2<q>
input->a3.h6<q>,m3->a11.h2<v>
m4->a25.h3<v>,input->a6.h3<q>
m9->a19.h3<v>,m2->a24.h2<v>
a5.h7->a15.h3<v>,a11.h4->a19.h2<v>
m0->a21.h2<q>,m3->a5.h3<k>
a4.h2->m14,a4.h2->m11
m6->a21.h1<v>,m5->a6.h0<k>
a5.h0->m9,a1.h1->a3.h0<v>
a1.h4->a2.h2<v>,m3->a21.h1<k>
m19->a21.h1<v>,a12.h2->m25
a6.h5->m12,m20->a25.h4<q>
a2.h5->a9.h1<v>,m5->a11.h3<k>
m8->a10.h1<q>,a7.h4->a25.h7<q>
a1.h5->a4.h0<q>,a10.h7->m15
m9->a12.h1<v>,a2.h4->m3
m9->a13.h1<k>,a4.h5->m13
m10->a14.h3<v>,m13->a17.h2<v>
m20->a22.h3<v>,m2->a21.h3<q>
a15.h3->m15,m7->a22.h3<q>
a0.h2->m0,m21->a22.h6<q>
a4.h2->m11,a1.h4->m8
a2.h5->a8.h1<k>,m2->a17.h6<q>
a22.h4->m25,m5->a9.h7<q>
a3.h2->m21,a12.h2->m17
m5->a14.h1<v>,a0.h3->a8.h1<v>
m10->a13.h3<q>,a2.h5->m23
m16->a17.h3<k>,m3->a7.h1<q>
m1->a2.h0<v>,m7->a10.h1<v>
a8.h5->a25.h3<v>,m0->a10.h1<v>
m7->a17.h6<q>,a0.h5->m24
a0.h2->m18,a7.h3->m21
a5.h6->m7,m0->a23.h0<k>
m8->a9.h3<k>,a0.h4->m13
a2.h5->a7.h1<v>,a11.h2->m25
a19.h6->m20,m7->a14.h3<q>
m1->a11.h2<v>,m15->a19.h1<v>
m7->a18.h1<q>,m12->a17.h5<q>
a8.h5->a9.h2<q>,m1->a10.h1<q>
m5->a24.h1<v>,m5->a10.h1<v>
m13->a20.h1<q>,a7.h1->m7
m6->a15.h3<k>,input->a4.h5<q>
m9->a20.h3<k>,m7->a12.h2<v>
a0.h2->a2.h3<k>,a4.h3->m9
m11->a16.h7<q>,m4->a10.h0<k>
a2.h4->m8,a4.h1->m13
m8->a16.h2<v>,a2.h5->m22
a24.h4->m24,m11->a24.h1<k>
a2.h5->m3,m6->a23.h6<q>
m10->a15.h3<q>,a6.h5->m17
m11->a24.h2<q>,m9->a12.h4<q>
m1->a10.h3<v>,m21->a25.h0<v>
m12->a25.h3<v>,a4.h0->m10
m1->a25.h3<q>,m19->a21.h2<v>
m2->a7.h7<q>,m2->a24.h1<q>
a8.h7->logits,a2.h4->m8
m2->a18.h2<v>,a6.h0->a25.h3<v>
m11->a21.h1<k>,m14->a22.h6<q>
m19->a24.h1<q>,a3.h0->m17
a0.h3->m14,a4.h7->m6
m3->a5.h5<q>,a11.h3->m17
m9->a20.h6<q>,m7->a19.h4<q>
m0->a5.h2<q>,a9.h3->m12
m4->a13.h1<q>,m18->a23.h3<q>
a9.h3->a25.h6<q>,m19->a23.h6<q>
m8->a19.h5<q>,a6.h0->m9
a7.h4->a20.h3<v>,a0.h4->m3
m10->a22.h1<q>,m5->a17.h3<v>
a1.h0->m5,m5->a16.h1<v>
a5.h1->a6.h0<v>,a2.h5->a8.h4<q>
m15->a17.h3<v>,m0->a13.h1<v>
a6.h2->m6,a0.h2->a6.h2<q>
m1->a24.h1<q>,m22->a23.h6<q>
m18->a22.h7<q>,m11->a13.h0<k>
a0.h2->a1.h1<k>,a8.h7->m12
a1.h3->m9,m5->logits
m5->a7.h2<k>,m6->a13.h3<q>
m17->a22.h2<v>,a5.h1->a6.h0<v>
a0.h2->a3.h3<k>,m6->a15.h1<v>
a13.h4->m21,m2->a10.h2<k>
m13->a23.h0<v>,m13->a24.h1<v>
m12->a23.h0<v>,m16->a17.h4<q>
m7->a9.h2<q>,a8.h5->a19.h5<q>
a4.h3->m21,m0->a14.h2<k>
input->a8.h3<v>,a0.h2->a1.h3<q>
m13->a15.h2<v>,a2.h0->m20
m6->a23.h0<q>,a1.h3->m11
m20->a24.h3<q>,a8.h5->a10.h0<v>
a5.h0->a7.h1<v>,a11.h1->m24
m0->a25.h5<q>,m9->a20.h3<k>
input->a10.h4<q>,m5->a13.h1<q>
m1->a25.h4<q>,m5->a18.h0<k>
a0.h3->a1.h0<v>,a11.h3->m19
m0->a15.h0<k>,m7->a9.h5<q>
m1->a16.h1<v>,m5->a13.h0<q>
input->a18.h0<k>,a0.h7->a4.h2<v>
input->a13.h2<k>,m3->a9.h3<v>
m0->a12.h3<q>,m16->a18.h1<v>
m1->a3.h3<k>,m4->a17.h3<v>
m17->a18.h7<q>,m5->a9.h2<k>
m1->a4.h1<q>,a14.h5->m20
m0->a14.h5<q>,m0->a10.h0<q>
a12.h4->m17,a4.h0->logits
a1.h1->a7.h1<v>,m6->a14.h2<q>
a9.h1->m10,m13->a14.h2<q>
input->a13.h3<v>,a5.h6->m8
a5.h1->m10,m2->a6.h7<q>
m14->a18.h5<q>,m19->a21.h1<k>
a0.h7->m8,m2->m12
m16->a20.h5<q>,a9.h7->m12
a10.h2->m21,a0.h2->a7.h2<q>
a8.h5->a25.h3<k>,m3->a4.h2<q>
m7->a16.h3<q>,a5.h6->m10
m7->a22.h0<k>,input->a2.h0<v>
m8->a10.h3<q>,a4.h2->m17
m2->a13.h0<v>,a24.h4->m24
a7.h1->m7,a3.h0->m20
a14.h7->a15.h3<v>,m8->a21.h7<q>
a5.h3->m6,m10->a12.h1<v>
m0->a13.h6<q>,a0.h2->a1.h0<k>
m16->a17.h5<q>,a1.h1->a4.h0<v>
m3->a21.h6<q>,m14->a23.h6<q>
m0->a9.h7<q>,a2.h0->m21
m6->a24.h1<v>,a11.h3->logits
m4->a20.h3<k>,a0.h7->m15
m12->a21.h2<q>,m4->a14.h1<k>
m12->a23.h1<v>,input->a19.h1<v>
m2->a5.h4<q>,a4.h0->m4
a9.h5->m14,m10->a11.h2<k>
a10.h0->a19.h2<v>,m5->a15.h4<q>
m14->a24.h3<q>,a0.h0->a6.h0<v>
input->a18.h7<q>,a4.h5->a9.h6<q>
m15->a18.h0<k>,a5.h0->m5
a0.h3->m3,m4->a13.h2<q>
m19->a20.h6<q>,m15->a17.h2<v>
m14->a22.h0<v>,m0->a13.h6<q>
input->a20.h3<q>,m16->a24.h0<k>
m2->a5.h3<q>,m14->a15.h3<k>
m1->a18.h0<k>,a4.h2->m8
m4->a7.h1<q>,m3->a14.h6<q>
a4.h5->a22.h1<q>,a0.h3->m5
m21->a22.h7<q>,m11->a21.h1<q>
a10.h2->m22,a11.h2->m16
m14->a15.h1<q>,a7.h4->m10
m0->a4.h0<k>,a6.h0->a7.h2<k>
m1->a21.h3<q>,a5.h0->m18
m1->m15,m6->a7.h1<q>
m8->a16.h2<q>,a2.h5->m3
m7->a21.h5<q>,a3.h2->m18
m12->a18.h1<v>,m10->a15.h0<v>
m16->a19.h3<k>,m13->a22.h5<q>
m0->a8.h0<k>,m1->a12.h3<v>
m12->a21.h0<v>,a1.h6->m7
m1->a25.h0<q>,a7.h1->m8
m12->a17.h6<q>,a18.h4->a19.h6<q>
m1->a5.h1<k>,m3->a5.h7<q>
a4.h0->logits,m14->a25.h3<k>
input->a11.h1<k>,m10->a23.h1<v>
m14->a16.h0<q>,input->a11.h2<q>
m1->a9.h5<q>,m5->a8.h2<v>
a3.h2->a6.h3<v>,a7.h2->m11
a0.h5->a7.h1<v>,m4->a5.h4<q>
a3.h1->m16,m0->a13.h2<k>
m3->a11.h1<q>,m4->a20.h3<k>
a10.h2->m19,m3->a7.h2<q>
m8->a23.h0<v>,a10.h1->m11
m6->a15.h1<q>,a14.h3->m16
m9->a17.h6<q>,m1->a5.h7<q>
a12.h2->m13,m1->a24.h1<v>
a0.h2->a24.h3<q>,m0->a18.h2<v>
m7->a19.h6<q>,a8.h3->a15.h3<v>
m19->a21.h3<v>,input->a11.h3<k>
m4->a15.h6<q>,a0.h2->a3.h3<q>
a14.h7->m14,a15.h4->m15
a1.h1->m24,m2->a11.h3<v>
m14->a24.h1<k>,input->a15.h2<v>
a5.h4->a7.h7<q>,m3->a5.h2<q>
m0->a16.h2<q>,a2.h7->a7.h1<v>
a0.h3->m19,a1.h6->m2
m13->a18.h2<v>,a7.h2->logits
m12->a21.h3<v>,a3.h3->m5
a15.h7->logits,m0->a23.h2<k>
a15.h1->m15,m17->a23.h3<k>
a5.h6->a6.h0<v>,m1->a16.h0<v>
a11.h6->logits,m3->a15.h1<v>
m1->a24.h3<q>,m11->a14.h2<v>
m20->a25.h0<v>,m2->a5.h3<k>
m6->a10.h0<q>,m0->a25.h5<q>
m6->a8.h1<q>,m7->a12.h1<k>
a6.h7->m15,m7->a13.h3<q>
m17->a24.h1<k>,a11.h5->m25
a25.h7->m25,m13->a16.h3<q>
a7.h2->m11,m3->a4.h1<q>
a21.h6->m22,m3->a4.h7<q>
a3.h0->m25,a9.h7->m11
a8.h5->a24.h0<v>,m1->a24.h0<k>
m7->a14.h2<q>,input->a25.h6<q>
m8->a23.h0<q>,a3.h0->a18.h1<q>
a8.h5->a12.h3<v>,input->a20.h1<k>
m4->a6.h2<v>,a5.h4->a7.h3<q>
a5.h2->a7.h1<v>,m6->a21.h1<v>
a6.h6->a13.h4<q>,m2->a8.h3<q>
m10->a14.h4<q>,m3->a8.h2<q>
m2->a7.h5<q>,m6->a8.h1<k>
m5->a20.h3<v>,a3.h0->a8.h2<v>
a8.h4->m20,input->a24.h1<v>
input->a17.h5<q>,m13->m18
m21->a24.h1<k>,m3->a5.h0<k>
a0.h2->a3.h5<q>,m5->a20.h3<v>
a6.h5->a8.h1<v>,m1->a4.h0<k>
m8->a18.h0<k>,m18->a23.h3<v>
m0->a14.h2<v>,a7.h4->a20.h3<v>
a4.h0->m4,a3.h2->m21
m16->a19.h4<q>,a0.h2->a15.h3<v>
m0->a10.h3<q>,m11->a13.h1<v>
m4->a15.h2<v>,a4.h5->a8.h1<v>
m17->a23.h6<q>,input->a4.h0<k>
m3->a15.h3<k>,m14->a24.h1<k>
a0.h2->a1.h0<v>,m19->a25.h3<q>
a9.h0->m12,a1.h5->m15
m14->a19.h3<k>,a2.h4->m7
a0.h0->a6.h2<v>,a11.h4->m17
m6->a23.h6<q>,m6->a20.h0<v>
a1.h3->a4.h6<q>,m6->a11.h0<q>
m17->a21.h2<v>,m12->a15.h2<q>
m6->a14.h1<v>,a3.h1->a5.h7<q>
a10.h1->m12,m2->a13.h6<q>
a14.h5->a15.h3<v>,m6->a22.h3<q>
m0->a15.h7<q>,m23->a25.h0<k>
m11->a15.h5<q>,m9->a14.h3<q>
m5->a9.h6<q>,m2->a6.h6<q>
a0.h3->m6,a3.h0->a4.h0<q>
a0.h5->m24,m3->a20.h6<q>
a0.h2->a25.h0<q>,m5->a18.h0<q>
a11.h5->m24,a20.h1->logits
a1.h5->a3.h1<v>,a3.h0->a4.h6<q>
m22->m23,a0.h5->a1.h2<q>
m1->a13.h2<v>,m13->a21.h1<q>
a9.h5->m12,m6->a20.h4<q>
m8->a14.h2<q>,m16->a25.h0<k>
a0.h2->a25.h4<q>,a6.h6->a8.h3<q>
m6->a9.h4<q>,a0.h2->a24.h2<v>
a6.h0->m19,a0.h2->a11.h2<v>
m14->a21.h1<v>,a6.h6->m8
m1->a24.h0<v>,m2->a8.h1<q>
a10.h2->m23,a11.h0->m19
m9->a10.h7<q>,m3->a9.h1<k>
a4.h5->a6.h7<q>,a0.h3->a7.h1<v>
m16->a18.h6<q>,m15->a25.h0<q>
m12->a24.h0<q>,m20->a25.h0<v>
a17.h7->m21,a4.h5->m9
m0->a10.h3<v>,m5->a20.h2<k>
a6.h4->m25,a4.h3->m14
a1.h1->a6.h3<v>,a6.h7->a7.h7<q>
a12.h3->m19,a7.h4->m12
a3.h0->m9,m11->a13.h2<k>
a1.h3->a2.h3<v>,m1->a8.h7<q>
m5->a15.h3<k>,m12->a13.h3<v>
m8->a20.h3<k>,m14->a22.h1<q>
a1.h3->m11,a8.h5->a24.h0<k>
m17->a22.h0<k>,m13->a15.h5<q>
a13.h1->m16,m13->a14.h3<k>
m6->a11.h4<q>,a2.h7->a3.h1<v>
m14->a20.h3<k>,a10.h1->logits
m0->a10.h0<q>,a0.h2->a2.h3<k>
a3.h4->m20,m5->a10.h2<q>
a2.h7->a4.h3<q>,input->a20.h2<q>
m17->a20.h3<v>,m14->a23.h1<v>
a0.h2->a3.h0<v>,a9.h2->m17
m0->a23.h7<q>,m13->a25.h2<v>
a2.h6->m19,a0.h7->m10
m1->a9.h4<q>,a3.h4->a8.h1<v>
a7.h4->m16,a5.h7->m16
a7.h2->m9,m2->a11.h0<q>
m11->a12.h1<k>,a6.h0->m18
m13->a20.h4<q>,a5.h7->m9
m0->a8.h2<v>,input->a23.h0<k>
m20->a24.h0<q>,m8->a18.h7<q>
m0->a13.h3<q>,input->a21.h1<k>
a4.h2->m21,a0.h3->m20
m15->a22.h0<v>,a2.h2->m5
m12->a24.h1<k>,a14.h6->a19.h6<q>
m4->a10.h0<v>,m16->a17.h7<q>
a5.h4->a18.h1<q>,a6.h6->m22
m7->a10.h3<v>,m7->a24.h0<q>
m0->a3.h3<k>,m4->a14.h2<k>
a4.h5->a7.h3<q>,a9.h3->a13.h4<q>
a3.h7->m7,m12->a15.h1<k>
a0.h0->a3.h5<q>,a6.h7->a8.h4<q>
m14->a17.h3<v>,a7.h3->m24
a15.h6->a19.h6<q>,m4->m14
m2->a21.h2<q>,a11.h6->m15
a13.h1->a18.h1<q>,m15->a24.h0<q>
